species,band_type,mode_index,mode1,mode2,frequency_cm1,wavelength_nm,intensity_km_mol,source
D2O-D2O-DX,fundamental,0.0,0,,83.593,119627.24151543788,66.677,GVPT2_fundamental
D2O-D2O-DX,fundamental,1.0,1,,88.172,113414.68947058024,24.531,GVPT2_fundamental
D2O-D2O-DX,fundamental,2.0,2,,97.049,103040.73200136013,120.781,GVPT2_fundamental
D2O-D2O-DX,fundamental,3.0,3,,136.587,73213.40976813313,35.516,GVPT2_fundamental
D2O-D2O-DX,fundamental,4.0,4,,223.275,44787.817713581906,31.058,GVPT2_fundamental
D2O-D2O-DX,fundamental,5.0,5,,373.145,26799.2335419207,56.317,GVPT2_fundamental
D2O-D2O-DX,fundamental,6.0,6,,1173.951,8518.243095325102,49.115,GVPT2_fundamental
D2O-D2O-DX,fundamental,7.0,7,,1180.178,8473.298095710985,22.734,GVPT2_fundamental
D2O-D2O-DX,fundamental,8.0,8,,2639.982,3787.9046145011594,140.374,GVPT2_fundamental
D2O-D2O-DX,fundamental,9.0,9,,2688.897,3718.9970460006466,8.635,GVPT2_fundamental
D2O-D2O-DX,fundamental,10.0,10,,2770.56,3609.3786093786093,75.494,GVPT2_fundamental
D2O-D2O-DX,fundamental,11.0,11,,2796.248,3576.2207071761873,49.583,GVPT2_fundamental
D2O-H2O-DX,fundamental,0.0,0,,95.731,104459.3705278332,116.307,GVPT2_fundamental
D2O-H2O-DX,fundamental,1.0,1,,116.598,85764.76440419219,1.068,GVPT2_fundamental
D2O-H2O-DX,fundamental,2.0,2,,116.529,85815.5480609977,165.835,GVPT2_fundamental
D2O-H2O-DX,fundamental,3.0,3,,138.981,71952.28124707694,36.295,GVPT2_fundamental
D2O-H2O-DX,fundamental,4.0,4,,239.289,41790.470936816986,91.457,GVPT2_fundamental
D2O-H2O-DX,fundamental,5.0,5,,395.855,25261.775144939435,66.48,GVPT2_fundamental
D2O-H2O-DX,fundamental,6.0,6,,1180.869,8468.339841252502,30.941,GVPT2_fundamental
D2O-H2O-DX,fundamental,7.0,7,,1591.828,6282.085752983363,79.515,GVPT2_fundamental
D2O-H2O-DX,fundamental,8.0,8,,2645.434,3780.0980859851347,137.822,GVPT2_fundamental
D2O-H2O-DX,fundamental,9.0,9,,2770.272,3609.753843665893,77.009,GVPT2_fundamental
D2O-H2O-DX,fundamental,10.0,10,,3683.797,2714.5904076690435,15.618,GVPT2_fundamental
D2O-H2O-DX,fundamental,11.0,11,,3772.022,2651.098005260839,86.476,GVPT2_fundamental
D2O-HDO-DD,fundamental,0.0,0,,80.382,124405.96153367669,83.54,GVPT2_fundamental
D2O-HDO-DD,fundamental,1.0,1,,84.895,117792.56728900407,42.295,GVPT2_fundamental
D2O-HDO-DD,fundamental,2.0,2,,109.016,91729.65436266236,121.709,GVPT2_fundamental
D2O-HDO-DD,fundamental,3.0,3,,137.701,72621.11386264443,35.898,GVPT2_fundamental
D2O-HDO-DD,fundamental,4.0,4,,234.035,42728.65169739569,55.731,GVPT2_fundamental
D2O-HDO-DD,fundamental,5.0,5,,383.014,26108.70620917251,61.193,GVPT2_fundamental
D2O-HDO-DD,fundamental,6.0,6,,1180.045,8474.253100517353,30.227,GVPT2_fundamental
D2O-HDO-DD,fundamental,7.0,7,,1398.654,7149.731098613382,66.711,GVPT2_fundamental
D2O-HDO-DD,fundamental,8.0,8,,2642.847,3783.7983053880907,138.426,GVPT2_fundamental
D2O-HDO-DD,fundamental,9.0,9,,2735.358,3655.8285972073854,26.493,GVPT2_fundamental
D2O-HDO-DD,fundamental,10.0,10,,2768.192,3612.466187316487,75.226,GVPT2_fundamental
D2O-HDO-DD,fundamental,11.0,11,,3724.345,2685.0358922172895,55.332,GVPT2_fundamental
D2O-HDO-DH,fundamental,0.0,0,,70.907,141029.79959665478,83.017,GVPT2_fundamental
D2O-HDO-DH,fundamental,1.0,1,,93.012,107513.00907409796,43.188,GVPT2_fundamental
D2O-HDO-DH,fundamental,2.0,2,,101.604,98421.32199519704,121.448,GVPT2_fundamental
D2O-HDO-DH,fundamental,3.0,3,,137.676,72634.30082222029,35.778,GVPT2_fundamental
D2O-HDO-DH,fundamental,4.0,4,,235.011,42551.19973107642,55.734,GVPT2_fundamental
D2O-HDO-DH,fundamental,5.0,5,,382.019,26176.708488321263,61.228,GVPT2_fundamental
D2O-HDO-DH,fundamental,6.0,6,,1179.833,8475.775808949233,30.224,GVPT2_fundamental
D2O-HDO-DH,fundamental,7.0,7,,1398.845,7148.75486562128,66.716,GVPT2_fundamental
D2O-HDO-DH,fundamental,8.0,8,,2642.515,3784.2736938106314,138.412,GVPT2_fundamental
D2O-HDO-DH,fundamental,9.0,9,,2731.888,3660.4721716263625,26.5,GVPT2_fundamental
D2O-HDO-DH,fundamental,10.0,10,,2768.833,3611.629881614384,75.236,GVPT2_fundamental
D2O-HDO-DH,fundamental,11.0,11,,3728.022,2682.387603935814,55.33,GVPT2_fundamental
D2O,fundamental,0.0,0,,1168.655,8556.8452622887,40.785,GVPT2_fundamental
D2O,fundamental,1.0,1,,2692.639,3713.8287011366915,4.542,GVPT2_fundamental
D2O,fundamental,2.0,2,,2801.496,3569.5214271232226,39.377,GVPT2_fundamental
H2O-D2O-HX,fundamental,0.0,0,,83.051,120407.94210786143,16.938,GVPT2_fundamental
H2O-D2O-HX,fundamental,1.0,1,,99.518,100484.33449225266,124.588,GVPT2_fundamental
H2O-D2O-HX,fundamental,2.0,2,,106.038,94305.81489654652,126.07,GVPT2_fundamental
H2O-D2O-HX,fundamental,3.0,3,,145.898,68541.03551796461,63.563,GVPT2_fundamental
H2O-D2O-HX,fundamental,4.0,4,,288.823,34623.28138687016,47.056,GVPT2_fundamental
H2O-D2O-HX,fundamental,5.0,5,,475.156,21045.719721523037,90.272,GVPT2_fundamental
H2O-D2O-HX,fundamental,6.0,6,,1177.096,8495.48380081149,43.02,GVPT2_fundamental
H2O-D2O-HX,fundamental,7.0,7,,1602.481,6240.32359822051,52.142,GVPT2_fundamental
H2O-D2O-HX,fundamental,8.0,8,,2688.308,3719.811866795025,11.564,GVPT2_fundamental
H2O-D2O-HX,fundamental,9.0,9,,2798.322,3573.5701609750413,49.61,GVPT2_fundamental
H2O-D2O-HX,fundamental,10.0,10,,3616.585,2765.039394898779,295.948,GVPT2_fundamental
H2O-D2O-HX,fundamental,11.0,11,,3755.133,2663.02152280625,92.164,GVPT2_fundamental
H2O-H2O-HX,fundamental,0.0,0,,107.438,93076.9373964519,117.931,GVPT2_fundamental
H2O-H2O-HX,fundamental,1.0,1,,115.663,86458.07215790702,51.291,GVPT2_fundamental
H2O-H2O-HX,fundamental,2.0,2,,116.843,85584.93020548942,142.491,GVPT2_fundamental
H2O-H2O-HX,fundamental,3.0,3,,137.292,72837.45593333917,145.902,GVPT2_fundamental
H2O-H2O-HX,fundamental,4.0,4,,296.433,33734.43577469445,53.104,GVPT2_fundamental
H2O-H2O-HX,fundamental,5.0,5,,488.974,20450.985123953422,100.538,GVPT2_fundamental
H2O-H2O-HX,fundamental,6.0,6,,1589.444,6291.508225517854,94.032,GVPT2_fundamental
H2O-H2O-HX,fundamental,7.0,7,,1601.347,6244.742707233348,39.761,GVPT2_fundamental
H2O-H2O-HX,fundamental,8.0,8,,3612.385,2768.2542143210094,302.897,GVPT2_fundamental
H2O-H2O-HX,fundamental,9.0,9,,3684.172,2714.314098255999,11.734,GVPT2_fundamental
H2O-H2O-HX,fundamental,10.0,10,,3742.15,2672.2605988536,90.74,GVPT2_fundamental
H2O-H2O-HX,fundamental,11.0,11,,3768.454,2653.608084376245,86.446,GVPT2_fundamental
H2O-HDO-HD,fundamental,0.0,0,,100.465,99537.15224207436,45.319,GVPT2_fundamental
H2O-HDO-HD,fundamental,1.0,1,,105.758,94555.49461979236,135.365,GVPT2_fundamental
H2O-HDO-HD,fundamental,2.0,2,,121.272,82459.26512302922,111.376,GVPT2_fundamental
H2O-HDO-HD,fundamental,3.0,3,,159.068,62866.19558930771,102.43,GVPT2_fundamental
H2O-HDO-HD,fundamental,4.0,4,,294.142,33997.18503307926,45.887,GVPT2_fundamental
H2O-HDO-HD,fundamental,5.0,5,,484.309,20647.97474339729,93.437,GVPT2_fundamental
H2O-HDO-HD,fundamental,6.0,6,,1400.272,7141.469657323721,68.191,GVPT2_fundamental
H2O-HDO-HD,fundamental,7.0,7,,1601.779,6243.058499331057,52.32,GVPT2_fundamental
H2O-HDO-HD,fundamental,8.0,8,,2738.939,3651.0488185388576,26.396,GVPT2_fundamental
H2O-HDO-HD,fundamental,9.0,9,,3631.815,2753.4442145318526,298.477,GVPT2_fundamental
H2O-HDO-HD,fundamental,10.0,10,,3725.448,2684.240928876205,55.48,GVPT2_fundamental
H2O-HDO-HD,fundamental,11.0,11,,3774.732,2649.194697795764,90.203,GVPT2_fundamental
H2O-HDO-HH,fundamental,0.0,0,,93.08,107434.46497636443,45.565,GVPT2_fundamental
H2O-HDO-HH,fundamental,1.0,1,,118.682,84258.77555147368,136.117,GVPT2_fundamental
H2O-HDO-HH,fundamental,2.0,2,,110.708,90327.70892799075,110.404,GVPT2_fundamental
H2O-HDO-HH,fundamental,3.0,3,,158.989,62897.433155752915,102.394,GVPT2_fundamental
H2O-HDO-HH,fundamental,4.0,4,,296.01,33782.642478294656,45.881,GVPT2_fundamental
H2O-HDO-HH,fundamental,5.0,5,,481.252,20779.134424376418,93.463,GVPT2_fundamental
H2O-HDO-HH,fundamental,6.0,6,,1398.518,7150.426379925035,68.194,GVPT2_fundamental
H2O-HDO-HH,fundamental,7.0,7,,1602.661,6239.622727451407,52.324,GVPT2_fundamental
H2O-HDO-HH,fundamental,8.0,8,,2733.688,3658.061929525242,26.396,GVPT2_fundamental
H2O-HDO-HH,fundamental,9.0,9,,3630.392,2754.5234784563213,298.486,GVPT2_fundamental
H2O-HDO-HH,fundamental,10.0,10,,3730.548,2680.5713262501918,55.472,GVPT2_fundamental
H2O-HDO-HH,fundamental,11.0,11,,3775.22,2648.8522523190704,90.206,GVPT2_fundamental
H2O,fundamental,0.0,0,,1582.315,6319.854137766501,76.653,GVPT2_fundamental
H2O,fundamental,1.0,1,,3690.106,2709.949253490279,5.809,GVPT2_fundamental
H2O,fundamental,2.0,2,,3777.534,2647.229647701384,65.819,GVPT2_fundamental
HDO-D2O-DX,fundamental,0.0,0,,84.762,117977.39553101626,12.302,GVPT2_fundamental
HDO-D2O-DX,fundamental,1.0,1,,34.056,293634.01456424716,119.953,GVPT2_fundamental
HDO-D2O-DX,fundamental,2.0,2,,108.21,92412.9008409574,129.884,GVPT2_fundamental
HDO-D2O-DX,fundamental,3.0,3,,76.256,131137.2219890894,54.42,GVPT2_fundamental
HDO-D2O-DX,fundamental,4.0,4,,118.309,84524.42333212182,32.389,GVPT2_fundamental
HDO-D2O-DX,fundamental,5.0,5,,392.964,25447.62370089881,55.438,GVPT2_fundamental
HDO-D2O-DX,fundamental,6.0,6,,1175.301,8508.4586842009,42.959,GVPT2_fundamental
HDO-D2O-DX,fundamental,7.0,7,,1392.38,7181.947456872405,48.342,GVPT2_fundamental
HDO-D2O-DX,fundamental,8.0,8,,2661.069,3757.8882772299403,191.953,GVPT2_fundamental
HDO-D2O-DX,fundamental,9.0,9,,2690.071,3717.3740023962196,5.335,GVPT2_fundamental
HDO-D2O-DX,fundamental,10.0,10,,2798.716,3573.067077902867,49.589,GVPT2_fundamental
HDO-D2O-DX,fundamental,11.0,11,,3734.589,2677.6708226795504,35.819,GVPT2_fundamental
HDO-D2O-HX,fundamental,0.0,0,,81.062,123362.36460980485,74.478,GVPT2_fundamental
HDO-D2O-HX,fundamental,1.0,1,,84.308,118612.70579304454,17.331,GVPT2_fundamental
HDO-D2O-HX,fundamental,2.0,2,,80.882,123636.90314285007,127.564,GVPT2_fundamental
HDO-D2O-HX,fundamental,3.0,3,,125.022,79985.92247764394,45.066,GVPT2_fundamental
HDO-D2O-HX,fundamental,4.0,4,,214.466,46627.43744929266,28.358,GVPT2_fundamental
HDO-D2O-HX,fundamental,5.0,5,,473.931,21100.11794965934,91.378,GVPT2_fundamental
HDO-D2O-HX,fundamental,6.0,6,,1175.89,8504.196821131227,43.513,GVPT2_fundamental
HDO-D2O-HX,fundamental,7.0,7,,1426.287,7011.211628515159,46.756,GVPT2_fundamental
HDO-D2O-HX,fundamental,8.0,8,,2687.969,3720.281000264512,11.478,GVPT2_fundamental
HDO-D2O-HX,fundamental,9.0,9,,2747.961,3639.061835302612,11.73,GVPT2_fundamental
HDO-D2O-HX,fundamental,10.0,10,,2795.666,3576.965202567116,49.604,GVPT2_fundamental
HDO-D2O-HX,fundamental,11.0,11,,3623.906,2759.4534736828164,368.088,GVPT2_fundamental
HDO-H2O-DX,fundamental,0.0,0,,96.968,103126.80471908257,66.666,GVPT2_fundamental
HDO-H2O-DX,fundamental,1.0,1,,118.3,84530.85376162299,101.444,GVPT2_fundamental
HDO-H2O-DX,fundamental,2.0,2,,87.063,114859.35472014517,152.336,GVPT2_fundamental
HDO-H2O-DX,fundamental,3.0,3,,117.739,84933.62437255285,92.203,GVPT2_fundamental
HDO-H2O-DX,fundamental,4.0,4,,202.595,49359.559712727365,68.562,GVPT2_fundamental
HDO-H2O-DX,fundamental,5.0,5,,421.508,23724.3421239929,65.912,GVPT2_fundamental
HDO-H2O-DX,fundamental,6.0,6,,1390.64,7190.93367082782,50.208,GVPT2_fundamental
HDO-H2O-DX,fundamental,7.0,7,,1588.921,6293.579101792978,79.538,GVPT2_fundamental
HDO-H2O-DX,fundamental,8.0,8,,2664.732,3752.722600246479,187.486,GVPT2_fundamental
HDO-H2O-DX,fundamental,9.0,9,,3683.614,2714.7252670882453,15.918,GVPT2_fundamental
HDO-H2O-DX,fundamental,10.0,10,,3740.56,2673.396496781231,35.577,GVPT2_fundamental
HDO-H2O-DX,fundamental,11.0,11,,3767.456,2654.3110257956564,86.491,GVPT2_fundamental
HDO-H2O-HX,fundamental,0.0,0,,95.165,105080.64939841327,116.275,GVPT2_fundamental
HDO-H2O-HX,fundamental,1.0,1,,123.225,81152.36356258877,1.857,GVPT2_fundamental
HDO-H2O-HX,fundamental,2.0,2,,110.634,90388.12661568777,174.01,GVPT2_fundamental
HDO-H2O-HX,fundamental,3.0,3,,133.586,74858.1438174659,67.332,GVPT2_fundamental
HDO-H2O-HX,fundamental,4.0,4,,250.275,39956.0483468185,66.072,GVPT2_fundamental
HDO-H2O-HX,fundamental,5.0,5,,481.762,20757.137341674934,101.469,GVPT2_fundamental
HDO-H2O-HX,fundamental,6.0,6,,1426.364,7010.83313936695,51.49,GVPT2_fundamental
HDO-H2O-HX,fundamental,7.0,7,,1590.969,6285.477592586656,77.317,GVPT2_fundamental
HDO-H2O-HX,fundamental,8.0,8,,2746.094,3641.53594159559,11.61,GVPT2_fundamental
HDO-H2O-HX,fundamental,9.0,9,,3629.661,2755.0782290687753,376.869,GVPT2_fundamental
HDO-H2O-HX,fundamental,10.0,10,,3684.397,2714.1483396061826,8.652,GVPT2_fundamental
HDO-H2O-HX,fundamental,11.0,11,,3772.12,2651.029129508075,86.431,GVPT2_fundamental
HDO-HDO-DD,fundamental,0.0,0,,97.881,102164.8736731337,36.297,GVPT2_fundamental
HDO-HDO-DD,fundamental,1.0,1,,106.899,93546.24458601109,136.188,GVPT2_fundamental
HDO-HDO-DD,fundamental,2.0,2,,113.7,87950.74758135444,118.983,GVPT2_fundamental
HDO-HDO-DD,fundamental,3.0,3,,140.654,71096.4494433148,73.599,GVPT2_fundamental
HDO-HDO-DD,fundamental,4.0,4,,247.027,40481.40486667449,44.593,GVPT2_fundamental
HDO-HDO-DD,fundamental,5.0,5,,409.825,24400.65881778808,60.283,GVPT2_fundamental
HDO-HDO-DD,fundamental,6.0,6,,1389.583,7196.403525374159,52.401,GVPT2_fundamental
HDO-HDO-DD,fundamental,7.0,7,,1399.449,7145.669474200203,63.932,GVPT2_fundamental
HDO-HDO-DD,fundamental,8.0,8,,2664.223,3753.439558175123,188.557,GVPT2_fundamental
HDO-HDO-DD,fundamental,9.0,9,,2738.904,3651.095474686225,24.331,GVPT2_fundamental
HDO-HDO-DD,fundamental,10.0,10,,3724.818,2684.694930061012,55.806,GVPT2_fundamental
HDO-HDO-DD,fundamental,11.0,11,,3731.635,2679.7904939791806,35.37,GVPT2_fundamental
HDO-HDO-DH,fundamental,0.0,0,,94.064,106310.59704031299,36.585,GVPT2_fundamental
HDO-HDO-DH,fundamental,1.0,1,,118.346,84497.99739746167,137.187,GVPT2_fundamental
HDO-HDO-DH,fundamental,2.0,2,,114.62,87244.80893386844,117.797,GVPT2_fundamental
HDO-HDO-DH,fundamental,3.0,3,,147.278,67898.80362308017,73.459,GVPT2_fundamental
HDO-HDO-DH,fundamental,4.0,4,,249.799,40032.18587744547,44.605,GVPT2_fundamental
HDO-HDO-DH,fundamental,5.0,5,,407.616,24532.893703878162,60.321,GVPT2_fundamental
HDO-HDO-DH,fundamental,6.0,6,,1391.266,7187.698110929182,52.386,GVPT2_fundamental
HDO-HDO-DH,fundamental,7.0,7,,1398.721,7149.388620032158,63.953,GVPT2_fundamental
HDO-HDO-DH,fundamental,8.0,8,,2664.302,3753.3282638379583,188.565,GVPT2_fundamental
HDO-HDO-DH,fundamental,9.0,9,,2733.853,3657.8411494692655,24.33,GVPT2_fundamental
HDO-HDO-DH,fundamental,10.0,10,,3730.734,2680.437683308432,55.8,GVPT2_fundamental
HDO-HDO-DH,fundamental,11.0,11,,3733.491,2678.458311537379,35.367,GVPT2_fundamental
HDO-HDO-HD,fundamental,0.0,0,,79.81,125297.5817566721,88.338,GVPT2_fundamental
HDO-HDO-HD,fundamental,1.0,1,,83.365,119954.41732141787,44.213,GVPT2_fundamental
HDO-HDO-HD,fundamental,2.0,2,,112.203,89124.17671541759,124.506,GVPT2_fundamental
HDO-HDO-HD,fundamental,3.0,3,,138.666,72115.73132563138,55.685,GVPT2_fundamental
HDO-HDO-HD,fundamental,4.0,4,,223.235,44795.84294577463,42.246,GVPT2_fundamental
HDO-HDO-HD,fundamental,5.0,5,,450.321,22206.381669964314,94.563,GVPT2_fundamental
HDO-HDO-HD,fundamental,6.0,6,,1398.401,7151.024634564763,75.16,GVPT2_fundamental
HDO-HDO-HD,fundamental,7.0,7,,1426.962,7007.895094613592,40.393,GVPT2_fundamental
HDO-HDO-HD,fundamental,8.0,8,,2735.048,3656.242961732299,26.116,GVPT2_fundamental
HDO-HDO-HD,fundamental,9.0,9,,2743.856,3644.5061256858958,11.895,GVPT2_fundamental
HDO-HDO-HD,fundamental,10.0,10,,3628.338,2756.0828125714856,371.298,GVPT2_fundamental
HDO-HDO-HD,fundamental,11.0,11,,3723.785,2685.4396803252607,52.909,GVPT2_fundamental
HDO-HDO-HH,fundamental,0.0,0,,72.41,138102.47203424943,88.03,GVPT2_fundamental
HDO-HDO-HH,fundamental,1.0,1,,96.668,103446.84900897917,44.881,GVPT2_fundamental
HDO-HDO-HH,fundamental,2.0,2,,105.038,95203.64058721605,124.333,GVPT2_fundamental
HDO-HDO-HH,fundamental,3.0,3,,140.636,71105.54907704997,55.496,GVPT2_fundamental
HDO-HDO-HH,fundamental,4.0,4,,221.897,45065.954023713704,42.254,GVPT2_fundamental
HDO-HDO-HH,fundamental,5.0,5,,448.01,22320.93033637642,94.581,GVPT2_fundamental
HDO-HDO-HH,fundamental,6.0,6,,1399.138,7147.257811595426,75.15,GVPT2_fundamental
HDO-HDO-HH,fundamental,7.0,7,,1427.6,7004.763239002522,40.406,GVPT2_fundamental
HDO-HDO-HH,fundamental,8.0,8,,2732.705,3659.3777959933473,26.12,GVPT2_fundamental
HDO-HDO-HH,fundamental,9.0,9,,2745.361,3642.50821658791,11.899,GVPT2_fundamental
HDO-HDO-HH,fundamental,10.0,10,,3628.015,2756.328184971672,371.286,GVPT2_fundamental
HDO-HDO-HH,fundamental,11.0,11,,3728.54,2682.014944187269,52.91,GVPT2_fundamental
HDO,fundamental,0.0,0,,1392.627,7180.673647717587,64.671,GVPT2_fundamental
HDO,fundamental,1.0,1,,2736.298,3654.5727110132016,18.216,GVPT2_fundamental
HDO,fundamental,2.0,2,,3733.855,2678.197198337911,39.525,GVPT2_fundamental
D2O-D2O-DX,overtone,,0,0.0,158.79,62976.257950752566,3.94,GVPT2_overtone_combination
D2O-D2O-DX,combination,,0,1.0,167.9,59559.26146515783,0.55,GVPT2_overtone_combination
D2O-D2O-DX,combination,,0,2.0,182.66,54746.52359575167,0.01,GVPT2_overtone_combination
D2O-D2O-DX,combination,,0,3.0,215.57,46388.64405993413,0.06,GVPT2_overtone_combination
D2O-D2O-DX,combination,,0,4.0,328.19,30470.154483683233,1.3,GVPT2_overtone_combination
D2O-D2O-DX,combination,,0,5.0,433.66,23059.539731586956,0.39,GVPT2_overtone_combination
D2O-D2O-DX,combination,,0,6.0,1257.52,7952.159806603474,0.33,GVPT2_overtone_combination
D2O-D2O-DX,combination,,0,7.0,1267.39,7890.231104869061,0.02,GVPT2_overtone_combination
D2O-D2O-DX,combination,,0,8.0,2726.54,3667.6520425154226,0.06,GVPT2_overtone_combination
D2O-D2O-DX,combination,,0,9.0,2772.19,3607.256356887515,0.35,GVPT2_overtone_combination
D2O-D2O-DX,combination,,0,10.0,2854.48,3503.2650430200947,0.04,GVPT2_overtone_combination
D2O-D2O-DX,combination,,0,11.0,2880.48,3471.643614953063,0.28,GVPT2_overtone_combination
D2O-D2O-DX,overtone,,1,1.0,170.27,58730.251952780876,0.51,GVPT2_overtone_combination
D2O-D2O-DX,combination,,1,2.0,182.72,54728.54640980736,0.06,GVPT2_overtone_combination
D2O-D2O-DX,combination,,1,3.0,221.49,45148.76518127229,0.0,GVPT2_overtone_combination
D2O-D2O-DX,combination,,1,4.0,302.6,33046.92663582286,0.18,GVPT2_overtone_combination
D2O-D2O-DX,combination,,1,5.0,459.91,21743.38457524298,0.05,GVPT2_overtone_combination
D2O-D2O-DX,combination,,1,6.0,1262.47,7920.980300521993,0.0,GVPT2_overtone_combination
D2O-D2O-DX,combination,,1,7.0,1268.48,7883.451059535822,0.17,GVPT2_overtone_combination
D2O-D2O-DX,combination,,1,8.0,2733.85,3657.845163414233,0.02,GVPT2_overtone_combination
D2O-D2O-DX,combination,,1,9.0,2775.79,3602.5780048202496,0.03,GVPT2_overtone_combination
D2O-D2O-DX,combination,,1,10.0,2859.21,3497.469580758321,0.09,GVPT2_overtone_combination
D2O-D2O-DX,combination,,1,11.0,2884.01,3467.3943571624227,0.13,GVPT2_overtone_combination
D2O-D2O-DX,overtone,,2,2.0,184.69,54144.783150143485,1.56,GVPT2_overtone_combination
D2O-D2O-DX,combination,,2,3.0,230.2,43440.48653344918,0.65,GVPT2_overtone_combination
D2O-D2O-DX,combination,,2,4.0,314.02,31845.1054072989,1.97,GVPT2_overtone_combination
D2O-D2O-DX,combination,,2,5.0,459.11,21781.272461937227,0.52,GVPT2_overtone_combination
D2O-D2O-DX,combination,,2,6.0,1273.74,7850.895787209321,0.38,GVPT2_overtone_combination
D2O-D2O-DX,combination,,2,7.0,1275.73,7838.649243962281,0.02,GVPT2_overtone_combination
D2O-D2O-DX,combination,,2,8.0,2744.68,3643.411982453328,0.33,GVPT2_overtone_combination
D2O-D2O-DX,combination,,2,9.0,2786.42,3588.8344183576055,0.11,GVPT2_overtone_combination
D2O-D2O-DX,combination,,2,10.0,2869.06,3485.4621374248013,0.04,GVPT2_overtone_combination
D2O-D2O-DX,combination,,2,11.0,2892.84,3456.8106082603945,0.05,GVPT2_overtone_combination
D2O-D2O-DX,overtone,,3,3.0,263.6,37936.26707132018,0.64,GVPT2_overtone_combination
D2O-D2O-DX,combination,,3,4.0,348.24,28715.828164484265,0.26,GVPT2_overtone_combination
D2O-D2O-DX,combination,,3,5.0,493.78,20251.934059702704,1.09,GVPT2_overtone_combination
D2O-D2O-DX,combination,,3,6.0,1310.85,7628.637906701759,0.02,GVPT2_overtone_combination
D2O-D2O-DX,combination,,3,7.0,1316.82,7594.052338208715,0.03,GVPT2_overtone_combination
D2O-D2O-DX,combination,,3,8.0,2782.95,3593.309258161304,0.51,GVPT2_overtone_combination
D2O-D2O-DX,combination,,3,9.0,2825.95,3538.6330260620325,0.14,GVPT2_overtone_combination
D2O-D2O-DX,combination,,3,10.0,2901.72,3446.231890051418,0.34,GVPT2_overtone_combination
D2O-D2O-DX,combination,,3,11.0,2933.46,3408.9437047036604,0.02,GVPT2_overtone_combination
D2O-D2O-DX,overtone,,4,4.0,410.69,24349.26586963403,0.93,GVPT2_overtone_combination
D2O-D2O-DX,combination,,4,5.0,580.62,17222.968550859427,0.0,GVPT2_overtone_combination
D2O-D2O-DX,combination,,4,6.0,1400.04,7142.653067055227,0.13,GVPT2_overtone_combination
D2O-D2O-DX,combination,,4,7.0,1399.2,7146.94110920526,0.16,GVPT2_overtone_combination
D2O-D2O-DX,combination,,4,8.0,2880.08,3472.1257742840476,0.45,GVPT2_overtone_combination
D2O-D2O-DX,combination,,4,9.0,2914.37,3431.273311213058,0.4,GVPT2_overtone_combination
D2O-D2O-DX,combination,,4,10.0,2994.54,3339.4110614652,0.04,GVPT2_overtone_combination
D2O-D2O-DX,combination,,4,11.0,3022.16,3308.891653651693,0.02,GVPT2_overtone_combination
D2O-D2O-DX,overtone,,5,5.0,702.16,14241.768257946907,0.48,GVPT2_overtone_combination
D2O-D2O-DX,combination,,5,6.0,1548.46,6458.029267788642,0.0,GVPT2_overtone_combination
D2O-D2O-DX,combination,,5,7.0,1559.0,6414.368184733804,0.04,GVPT2_overtone_combination
D2O-D2O-DX,combination,,5,8.0,3035.55,3294.2959266030866,0.0,GVPT2_overtone_combination
D2O-D2O-DX,combination,,5,9.0,3062.6,3265.1995036896756,0.02,GVPT2_overtone_combination
D2O-D2O-DX,combination,,5,10.0,3146.96,3177.6698782316903,0.07,GVPT2_overtone_combination
D2O-D2O-DX,combination,,5,11.0,3169.87,3154.703505191065,0.02,GVPT2_overtone_combination
D2O-D2O-DX,overtone,,6,6.0,2329.75,4292.306041420753,0.02,GVPT2_overtone_combination
D2O-D2O-DX,combination,,6,7.0,2351.39,4252.803660813392,0.01,GVPT2_overtone_combination
D2O-D2O-DX,combination,,6,8.0,3813.39,2622.3386540584625,0.03,GVPT2_overtone_combination
D2O-D2O-DX,combination,,6,9.0,3856.31,2593.152521451854,0.01,GVPT2_overtone_combination
D2O-D2O-DX,combination,,6,10.0,3944.17,2535.387673452209,0.07,GVPT2_overtone_combination
D2O-D2O-DX,combination,,6,11.0,3961.54,2524.2708643608294,1.48,GVPT2_overtone_combination
D2O-D2O-DX,overtone,,7,7.0,2339.8,4273.869561500983,0.03,GVPT2_overtone_combination
D2O-D2O-DX,combination,,7,8.0,3815.22,2621.0808288906014,0.51,GVPT2_overtone_combination
D2O-D2O-DX,combination,,7,9.0,3868.79,2584.78749169637,0.0,GVPT2_overtone_combination
D2O-D2O-DX,combination,,7,10.0,3943.56,2535.7798537362182,1.71,GVPT2_overtone_combination
D2O-D2O-DX,combination,,7,11.0,3976.09,2515.0336134242434,0.05,GVPT2_overtone_combination
D2O-D2O-DX,overtone,,8,8.0,5209.75,1919.477902010653,0.04,GVPT2_overtone_combination
D2O-D2O-DX,combination,,8,9.0,5326.72,1877.3278865793584,0.03,GVPT2_overtone_combination
D2O-D2O-DX,combination,,8,10.0,5358.21,1866.2949007224427,0.55,GVPT2_overtone_combination
D2O-D2O-DX,combination,,8,11.0,5434.72,1840.0211970441899,0.0,GVPT2_overtone_combination
D2O-D2O-DX,overtone,,9,9.0,5338.0,1873.3608092918696,0.23,GVPT2_overtone_combination
D2O-D2O-DX,combination,,9,10.0,5458.74,1831.9245833287537,0.03,GVPT2_overtone_combination
D2O-D2O-DX,combination,,9,11.0,5407.24,1849.3723230335625,1.22,GVPT2_overtone_combination
D2O-D2O-DX,overtone,,10,10.0,5474.04,1826.8043346413253,0.36,GVPT2_overtone_combination
D2O-D2O-DX,combination,,10,11.0,5566.61,1796.4254725946314,0.01,GVPT2_overtone_combination
D2O-D2O-DX,overtone,,11,11.0,5542.2,1804.3376276568872,0.01,GVPT2_overtone_combination
D2O-H2O-DX,overtone,,0,0.0,175.28,57051.57462345961,1.17,GVPT2_overtone_combination
D2O-H2O-DX,combination,,0,1.0,212.47,47065.46806607992,0.01,GVPT2_overtone_combination
D2O-H2O-DX,combination,,0,2.0,217.71,45932.66271645767,0.0,GVPT2_overtone_combination
D2O-H2O-DX,combination,,0,3.0,231.93,43116.45755184754,0.21,GVPT2_overtone_combination
D2O-H2O-DX,combination,,0,4.0,367.3,27225.70106180234,0.95,GVPT2_overtone_combination
D2O-H2O-DX,combination,,0,5.0,463.71,21565.202389424427,0.17,GVPT2_overtone_combination
D2O-H2O-DX,combination,,0,6.0,1282.9,7794.83981604178,0.05,GVPT2_overtone_combination
D2O-H2O-DX,combination,,0,7.0,1690.05,5916.984704594539,0.22,GVPT2_overtone_combination
D2O-H2O-DX,combination,,0,8.0,2741.91,3647.0927200382216,0.0,GVPT2_overtone_combination
D2O-H2O-DX,combination,,0,9.0,2858.94,3497.7998838730437,0.38,GVPT2_overtone_combination
D2O-H2O-DX,combination,,0,10.0,3778.11,2646.8260585319113,0.27,GVPT2_overtone_combination
D2O-H2O-DX,combination,,0,11.0,3867.82,2585.4357234824784,0.43,GVPT2_overtone_combination
D2O-H2O-DX,overtone,,1,1.0,222.61,44921.61178743093,0.69,GVPT2_overtone_combination
D2O-H2O-DX,combination,,1,2.0,224.59,44525.57994567879,0.37,GVPT2_overtone_combination
D2O-H2O-DX,combination,,1,3.0,252.12,39663.65222909726,0.02,GVPT2_overtone_combination
D2O-H2O-DX,combination,,1,4.0,353.16,28315.777551251555,0.29,GVPT2_overtone_combination
D2O-H2O-DX,combination,,1,5.0,514.61,19432.191368220592,0.49,GVPT2_overtone_combination
D2O-H2O-DX,combination,,1,6.0,1295.76,7717.478545409644,0.04,GVPT2_overtone_combination
D2O-H2O-DX,combination,,1,7.0,1710.2,5847.26932522512,0.0,GVPT2_overtone_combination
D2O-H2O-DX,combination,,1,8.0,2772.06,3607.425524700043,0.19,GVPT2_overtone_combination
D2O-H2O-DX,combination,,1,9.0,2888.95,3461.465238235345,0.03,GVPT2_overtone_combination
D2O-H2O-DX,combination,,1,10.0,3799.07,2632.2231493497093,0.1,GVPT2_overtone_combination
D2O-H2O-DX,combination,,1,11.0,3887.92,2572.0693841437064,0.74,GVPT2_overtone_combination
D2O-H2O-DX,overtone,,2,2.0,220.14,45425.63823021714,1.3,GVPT2_overtone_combination
D2O-H2O-DX,combination,,2,3.0,250.94,39850.16338566988,0.37,GVPT2_overtone_combination
D2O-H2O-DX,combination,,2,4.0,348.55,28690.28833739779,10.76,GVPT2_overtone_combination
D2O-H2O-DX,combination,,2,5.0,499.23,20030.84750515794,0.68,GVPT2_overtone_combination
D2O-H2O-DX,combination,,2,6.0,1295.53,7718.848656534392,0.01,GVPT2_overtone_combination
D2O-H2O-DX,combination,,2,7.0,1711.8,5841.80394905947,0.13,GVPT2_overtone_combination
D2O-H2O-DX,combination,,2,8.0,2771.85,3607.69882930173,0.69,GVPT2_overtone_combination
D2O-H2O-DX,combination,,2,9.0,2889.01,3461.3933492788183,0.13,GVPT2_overtone_combination
D2O-H2O-DX,combination,,2,10.0,3800.49,2631.2396559391027,0.36,GVPT2_overtone_combination
D2O-H2O-DX,combination,,2,11.0,3892.32,2569.1618366424136,0.08,GVPT2_overtone_combination
D2O-H2O-DX,overtone,,3,3.0,268.56,37235.62704795949,0.76,GVPT2_overtone_combination
D2O-H2O-DX,combination,,3,4.0,366.37,27294.811256380162,0.45,GVPT2_overtone_combination
D2O-H2O-DX,combination,,3,5.0,517.94,19307.255666679535,1.54,GVPT2_overtone_combination
D2O-H2O-DX,combination,,3,6.0,1319.89,7576.388941502701,0.02,GVPT2_overtone_combination
D2O-H2O-DX,combination,,3,7.0,1731.17,5776.440210955596,0.1,GVPT2_overtone_combination
D2O-H2O-DX,combination,,3,8.0,2790.91,3583.060722130058,0.57,GVPT2_overtone_combination
D2O-H2O-DX,combination,,3,9.0,2905.3,3441.985337142464,0.34,GVPT2_overtone_combination
D2O-H2O-DX,combination,,3,10.0,3823.3,2615.541547877488,0.21,GVPT2_overtone_combination
D2O-H2O-DX,combination,,3,11.0,3911.98,2556.2502875781574,0.03,GVPT2_overtone_combination
D2O-H2O-DX,overtone,,4,4.0,415.41,24072.602970559205,4.11,GVPT2_overtone_combination
D2O-H2O-DX,combination,,4,5.0,614.89,16263.071443672852,0.02,GVPT2_overtone_combination
D2O-H2O-DX,combination,,4,6.0,1417.17,7056.3164616806735,0.13,GVPT2_overtone_combination
D2O-H2O-DX,combination,,4,7.0,1836.14,5446.207805505027,0.27,GVPT2_overtone_combination
D2O-H2O-DX,combination,,4,8.0,2903.66,3443.9293856718764,0.56,GVPT2_overtone_combination
D2O-H2O-DX,combination,,4,9.0,3011.26,3320.8690050012283,0.07,GVPT2_overtone_combination
D2O-H2O-DX,combination,,4,10.0,3926.91,2546.531496774818,0.57,GVPT2_overtone_combination
D2O-H2O-DX,combination,,4,11.0,4018.2,2488.6765218256933,0.08,GVPT2_overtone_combination
D2O-H2O-DX,overtone,,5,5.0,741.35,13488.905375328792,0.83,GVPT2_overtone_combination
D2O-H2O-DX,combination,,5,6.0,1581.73,6322.191524470042,0.03,GVPT2_overtone_combination
D2O-H2O-DX,combination,,5,7.0,1990.19,5024.645888081037,0.0,GVPT2_overtone_combination
D2O-H2O-DX,combination,,5,8.0,3066.31,3261.2488626394593,0.0,GVPT2_overtone_combination
D2O-H2O-DX,combination,,5,9.0,3169.77,3154.80302987283,0.05,GVPT2_overtone_combination
D2O-H2O-DX,combination,,5,10.0,4080.03,2450.9623703747275,0.03,GVPT2_overtone_combination
D2O-H2O-DX,combination,,5,11.0,4168.69,2398.8351256629785,0.06,GVPT2_overtone_combination
D2O-H2O-DX,overtone,,6,6.0,2339.92,4273.650381209613,0.04,GVPT2_overtone_combination
D2O-H2O-DX,combination,,6,7.0,2772.69,3606.605859291879,0.0,GVPT2_overtone_combination
D2O-H2O-DX,combination,,6,8.0,3821.25,2616.9447170428525,0.55,GVPT2_overtone_combination
D2O-H2O-DX,combination,,6,9.0,3943.9,2535.5612464819087,1.78,GVPT2_overtone_combination
D2O-H2O-DX,combination,,6,10.0,4864.66,2055.642120929315,0.01,GVPT2_overtone_combination
D2O-H2O-DX,combination,,6,11.0,4952.94,2019.002854870037,0.0,GVPT2_overtone_combination
D2O-H2O-DX,overtone,,7,7.0,3147.78,3176.8420918869806,0.04,GVPT2_overtone_combination
D2O-H2O-DX,combination,,7,8.0,4236.99,2360.166061284072,0.01,GVPT2_overtone_combination
D2O-H2O-DX,combination,,7,9.0,4362.01,2292.5211083881054,0.0,GVPT2_overtone_combination
D2O-H2O-DX,combination,,7,10.0,5262.08,1900.3891997081003,0.04,GVPT2_overtone_combination
D2O-H2O-DX,combination,,7,11.0,5344.66,1871.026407666718,3.79,GVPT2_overtone_combination
D2O-H2O-DX,overtone,,8,8.0,5220.09,1915.6757833677198,0.05,GVPT2_overtone_combination
D2O-H2O-DX,combination,,8,9.0,5364.42,1864.134426461761,0.56,GVPT2_overtone_combination
D2O-H2O-DX,combination,,8,10.0,6327.88,1580.3080968665652,0.06,GVPT2_overtone_combination
D2O-H2O-DX,combination,,8,11.0,6416.03,1558.5962035713674,0.02,GVPT2_overtone_combination
D2O-H2O-DX,overtone,,9,9.0,5473.45,1827.0012514958573,0.37,GVPT2_overtone_combination
D2O-H2O-DX,combination,,9,10.0,6453.85,1549.462723800522,0.01,GVPT2_overtone_combination
D2O-H2O-DX,combination,,9,11.0,6542.1,1528.5611653750325,0.0,GVPT2_overtone_combination
D2O-H2O-DX,overtone,,10,10.0,7289.6,1371.8173836698859,0.46,GVPT2_overtone_combination
D2O-H2O-DX,combination,,10,11.0,7302.93,1369.3134125618074,2.51,GVPT2_overtone_combination
D2O-H2O-DX,overtone,,11,11.0,7455.28,1341.3312444334754,0.01,GVPT2_overtone_combination
D2O-HDO-DD,overtone,,0,0.0,147.71,67700.22341073725,2.01,GVPT2_overtone_combination
D2O-HDO-DD,combination,,0,1.0,158.35,63151.247237132935,0.34,GVPT2_overtone_combination
D2O-HDO-DD,combination,,0,2.0,189.06,52893.26139849783,0.96,GVPT2_overtone_combination
D2O-HDO-DD,combination,,0,3.0,214.09,46709.3278527722,0.09,GVPT2_overtone_combination
D2O-HDO-DD,combination,,0,4.0,332.4,30084.235860409146,1.39,GVPT2_overtone_combination
D2O-HDO-DD,combination,,0,5.0,439.25,22766.078542970972,0.72,GVPT2_overtone_combination
D2O-HDO-DD,combination,,0,6.0,1265.0,7905.138339920949,0.06,GVPT2_overtone_combination
D2O-HDO-DD,combination,,0,7.0,1479.45,6759.2686471323805,0.33,GVPT2_overtone_combination
D2O-HDO-DD,combination,,0,8.0,2726.83,3667.2619855289845,0.08,GVPT2_overtone_combination
D2O-HDO-DD,combination,,0,9.0,2822.54,3542.9081607346575,0.88,GVPT2_overtone_combination
D2O-HDO-DD,combination,,0,10.0,2842.93,3517.497792770135,0.18,GVPT2_overtone_combination
D2O-HDO-DD,combination,,0,11.0,3804.73,2628.307396319844,0.06,GVPT2_overtone_combination
D2O-HDO-DD,overtone,,1,1.0,160.63,62254.87144369047,0.65,GVPT2_overtone_combination
D2O-HDO-DD,combination,,1,2.0,191.5,52219.32114882507,0.12,GVPT2_overtone_combination
D2O-HDO-DD,combination,,1,3.0,218.77,45710.10650454815,0.21,GVPT2_overtone_combination
D2O-HDO-DD,combination,,1,4.0,311.85,32066.698733365396,0.55,GVPT2_overtone_combination
D2O-HDO-DD,combination,,1,5.0,463.57,21571.715167072933,0.12,GVPT2_overtone_combination
D2O-HDO-DD,combination,,1,6.0,1264.69,7907.076042350299,0.11,GVPT2_overtone_combination
D2O-HDO-DD,combination,,1,7.0,1482.98,6743.179274164183,0.21,GVPT2_overtone_combination
D2O-HDO-DD,combination,,1,8.0,2732.77,3659.2907562656205,0.11,GVPT2_overtone_combination
D2O-HDO-DD,combination,,1,9.0,2814.51,3553.0163332160837,0.07,GVPT2_overtone_combination
D2O-HDO-DD,combination,,1,10.0,2852.72,3505.4264000673043,0.09,GVPT2_overtone_combination
D2O-HDO-DD,combination,,1,11.0,3807.28,2626.5470362043243,0.1,GVPT2_overtone_combination
D2O-HDO-DD,overtone,,2,2.0,192.01,52080.620800999954,0.87,GVPT2_overtone_combination
D2O-HDO-DD,combination,,2,3.0,242.37,41259.23175310476,0.33,GVPT2_overtone_combination
D2O-HDO-DD,combination,,2,4.0,354.96,28172.188415596123,5.44,GVPT2_overtone_combination
D2O-HDO-DD,combination,,2,5.0,483.58,20679.10169982216,0.76,GVPT2_overtone_combination
D2O-HDO-DD,combination,,2,6.0,1286.9,7770.6115471287585,0.04,GVPT2_overtone_combination
D2O-HDO-DD,combination,,2,7.0,1511.64,6615.331692731073,0.1,GVPT2_overtone_combination
D2O-HDO-DD,combination,,2,8.0,2760.88,3622.033554518849,0.47,GVPT2_overtone_combination
D2O-HDO-DD,combination,,2,9.0,2845.64,3514.147959685695,0.19,GVPT2_overtone_combination
D2O-HDO-DD,combination,,2,10.0,2878.4,3474.1523068371316,0.01,GVPT2_overtone_combination
D2O-HDO-DD,combination,,2,11.0,3830.92,2610.3390308333246,0.65,GVPT2_overtone_combination
D2O-HDO-DD,overtone,,3,3.0,265.88,37610.95230931247,0.71,GVPT2_overtone_combination
D2O-HDO-DD,combination,,3,4.0,360.43,27744.638348639124,0.35,GVPT2_overtone_combination
D2O-HDO-DD,combination,,3,5.0,504.49,19821.99845388412,1.3,GVPT2_overtone_combination
D2O-HDO-DD,combination,,3,6.0,1317.62,7589.441568889361,0.02,GVPT2_overtone_combination
D2O-HDO-DD,combination,,3,7.0,1536.65,6507.662772915107,0.07,GVPT2_overtone_combination
D2O-HDO-DD,combination,,3,8.0,2786.95,3588.151922352393,0.55,GVPT2_overtone_combination
D2O-HDO-DD,combination,,3,9.0,2873.8,3479.7132716264177,0.07,GVPT2_overtone_combination
D2O-HDO-DD,combination,,3,10.0,2901.4,3446.611980423244,0.35,GVPT2_overtone_combination
D2O-HDO-DD,combination,,3,11.0,3862.58,2588.9431416307234,0.1,GVPT2_overtone_combination
D2O-HDO-DD,overtone,,4,4.0,418.52,23893.720730192108,2.51,GVPT2_overtone_combination
D2O-HDO-DD,combination,,4,5.0,598.78,16700.624603360167,0.07,GVPT2_overtone_combination
D2O-HDO-DD,combination,,4,6.0,1410.25,7090.941322460557,0.11,GVPT2_overtone_combination
D2O-HDO-DD,combination,,4,7.0,1636.15,6111.909054793265,0.25,GVPT2_overtone_combination
D2O-HDO-DD,combination,,4,8.0,2894.7,3454.58942204719,0.56,GVPT2_overtone_combination
D2O-HDO-DD,combination,,4,9.0,2972.71,3363.9339188820973,0.21,GVPT2_overtone_combination
D2O-HDO-DD,combination,,4,10.0,3003.01,3329.992241118078,0.05,GVPT2_overtone_combination
D2O-HDO-DD,combination,,4,11.0,3962.07,2523.933196536154,0.39,GVPT2_overtone_combination
D2O-HDO-DD,overtone,,5,5.0,717.79,13931.651318630798,0.67,GVPT2_overtone_combination
D2O-HDO-DD,combination,,5,6.0,1568.38,6376.005814917303,0.04,GVPT2_overtone_combination
D2O-HDO-DD,combination,,5,7.0,1783.28,5607.644340765331,0.07,GVPT2_overtone_combination
D2O-HDO-DD,combination,,5,8.0,3050.17,3278.505788201969,0.02,GVPT2_overtone_combination
D2O-HDO-DD,combination,,5,9.0,3118.8,3206.3614210593814,0.02,GVPT2_overtone_combination
D2O-HDO-DD,combination,,5,10.0,3154.79,3169.783091743032,0.06,GVPT2_overtone_combination
D2O-HDO-DD,combination,,5,11.0,4108.25,2434.1264528692263,0.09,GVPT2_overtone_combination
D2O-HDO-DD,overtone,,6,6.0,2338.22,4276.757533508396,0.04,GVPT2_overtone_combination
D2O-HDO-DD,combination,,6,7.0,2578.76,3877.8327568288632,0.0,GVPT2_overtone_combination
D2O-HDO-DD,combination,,6,8.0,3817.83,2619.2889678167967,0.55,GVPT2_overtone_combination
D2O-HDO-DD,combination,,6,9.0,3915.41,2554.010946490917,0.0,GVPT2_overtone_combination
D2O-HDO-DD,combination,,6,10.0,3940.78,2537.568704672679,1.76,GVPT2_overtone_combination
D2O-HDO-DD,combination,,6,11.0,4904.44,2038.968771154301,0.0,GVPT2_overtone_combination
D2O-HDO-DD,overtone,,7,7.0,2776.32,3601.890272014753,2.83,GVPT2_overtone_combination
D2O-HDO-DD,combination,,7,8.0,4041.31,2474.4451675323103,0.0,GVPT2_overtone_combination
D2O-HDO-DD,combination,,7,9.0,4114.45,2430.4585059971564,0.75,GVPT2_overtone_combination
D2O-HDO-DD,combination,,7,10.0,4166.74,2399.957760743411,0.0,GVPT2_overtone_combination
D2O-HDO-DD,combination,,7,11.0,5102.13,1959.9657397988683,1.47,GVPT2_overtone_combination
D2O-HDO-DD,overtone,,8,8.0,5215.0,1917.5455417066155,0.05,GVPT2_overtone_combination
D2O-HDO-DD,combination,,8,9.0,5376.94,1859.793860448508,0.02,GVPT2_overtone_combination
D2O-HDO-DD,combination,,8,10.0,5359.41,1865.8770275086251,0.55,GVPT2_overtone_combination
D2O-HDO-DD,combination,,8,11.0,6365.8,1570.894467309686,0.03,GVPT2_overtone_combination
D2O-HDO-DD,overtone,,9,9.0,5389.53,1855.449362003737,0.66,GVPT2_overtone_combination
D2O-HDO-DD,combination,,9,10.0,5502.67,1817.2996018296571,0.03,GVPT2_overtone_combination
D2O-HDO-DD,combination,,9,11.0,6450.81,1550.1929215090818,0.15,GVPT2_overtone_combination
D2O-HDO-DD,overtone,,10,10.0,5469.52,1828.3140019599525,0.36,GVPT2_overtone_combination
D2O-HDO-DD,combination,,10,11.0,6492.33,1540.2790677614971,0.01,GVPT2_overtone_combination
D2O-HDO-DD,overtone,,11,11.0,7293.29,1371.1233202025423,1.43,GVPT2_overtone_combination
D2O-HDO-DH,overtone,,0,0.0,123.97,80664.67693796886,1.69,GVPT2_overtone_combination
D2O-HDO-DH,combination,,0,1.0,154.91,64553.61177457879,0.34,GVPT2_overtone_combination
D2O-HDO-DH,combination,,0,2.0,171.9,58173.35660267597,0.93,GVPT2_overtone_combination
D2O-HDO-DH,combination,,0,3.0,204.45,48911.71435558816,0.08,GVPT2_overtone_combination
D2O-HDO-DH,combination,,0,4.0,324.87,30781.543386585403,1.39,GVPT2_overtone_combination
D2O-HDO-DH,combination,,0,5.0,428.44,23340.491083932407,0.7,GVPT2_overtone_combination
D2O-HDO-DH,combination,,0,6.0,1254.93,7968.571952220442,0.06,GVPT2_overtone_combination
D2O-HDO-DH,combination,,0,7.0,1471.0,6798.096532970768,0.34,GVPT2_overtone_combination
D2O-HDO-DH,combination,,0,8.0,2715.67,3682.332536722061,0.09,GVPT2_overtone_combination
D2O-HDO-DH,combination,,0,9.0,2801.19,3569.9113591009536,0.89,GVPT2_overtone_combination
D2O-HDO-DH,combination,,0,10.0,2834.3,3528.2080231450445,0.18,GVPT2_overtone_combination
D2O-HDO-DH,combination,,0,11.0,3800.66,2631.121963027474,0.06,GVPT2_overtone_combination
D2O-HDO-DH,overtone,,1,1.0,184.08,54324.20686657974,0.73,GVPT2_overtone_combination
D2O-HDO-DH,combination,,1,2.0,189.16,52865.29921759357,0.07,GVPT2_overtone_combination
D2O-HDO-DH,combination,,1,3.0,227.0,44052.86343612335,0.21,GVPT2_overtone_combination
D2O-HDO-DH,combination,,1,4.0,321.59,31095.49426288131,0.56,GVPT2_overtone_combination
D2O-HDO-DH,combination,,1,5.0,471.18,21223.311685555414,0.12,GVPT2_overtone_combination
D2O-HDO-DH,combination,,1,6.0,1272.68,7857.434704717603,0.13,GVPT2_overtone_combination
D2O-HDO-DH,combination,,1,7.0,1493.23,6696.891972435593,0.22,GVPT2_overtone_combination
D2O-HDO-DH,combination,,1,8.0,2740.83,3648.529824907054,0.11,GVPT2_overtone_combination
D2O-HDO-DH,combination,,1,9.0,2822.16,3543.3852084927858,0.07,GVPT2_overtone_combination
D2O-HDO-DH,combination,,1,10.0,2862.08,3493.9624329159215,0.09,GVPT2_overtone_combination
D2O-HDO-DH,combination,,1,11.0,3819.18,2618.3631041218273,0.09,GVPT2_overtone_combination
D2O-HDO-DH,overtone,,2,2.0,172.41,58001.27602807262,0.8,GVPT2_overtone_combination
D2O-HDO-DH,combination,,2,3.0,234.65,42616.663115278076,0.32,GVPT2_overtone_combination
D2O-HDO-DH,combination,,2,4.0,347.67,28762.907354675408,5.37,GVPT2_overtone_combination
D2O-HDO-DH,combination,,2,5.0,473.33,21126.909344432002,0.76,GVPT2_overtone_combination
D2O-HDO-DH,combination,,2,6.0,1279.03,7818.424900119622,0.04,GVPT2_overtone_combination
D2O-HDO-DH,combination,,2,7.0,1501.77,6658.80927172603,0.1,GVPT2_overtone_combination
D2O-HDO-DH,combination,,2,8.0,2754.14,3630.8974852404017,0.47,GVPT2_overtone_combination
D2O-HDO-DH,combination,,2,9.0,2833.83,3528.7931880176297,0.19,GVPT2_overtone_combination
D2O-HDO-DH,combination,,2,10.0,2871.77,3482.1730152484356,0.01,GVPT2_overtone_combination
D2O-HDO-DH,combination,,2,11.0,3830.92,2610.3390308333246,0.65,GVPT2_overtone_combination
D2O-HDO-DH,overtone,,3,3.0,265.84,37616.611495636476,0.72,GVPT2_overtone_combination
D2O-HDO-DH,combination,,3,4.0,361.76,27642.63600176913,0.35,GVPT2_overtone_combination
D2O-HDO-DH,combination,,3,5.0,503.35,19866.891824774015,1.3,GVPT2_overtone_combination
D2O-HDO-DH,combination,,3,6.0,1317.37,7590.881832742511,0.02,GVPT2_overtone_combination
D2O-HDO-DH,combination,,3,7.0,1536.85,6506.815889644403,0.07,GVPT2_overtone_combination
D2O-HDO-DH,combination,,3,8.0,2786.6,3588.6025981482812,0.55,GVPT2_overtone_combination
D2O-HDO-DH,combination,,3,9.0,2870.12,3484.1748777054618,0.07,GVPT2_overtone_combination
D2O-HDO-DH,combination,,3,10.0,2902.0,3445.8993797381117,0.34,GVPT2_overtone_combination
D2O-HDO-DH,combination,,3,11.0,3866.4,2586.3852679495135,0.1,GVPT2_overtone_combination
D2O-HDO-DH,overtone,,4,4.0,420.76,23766.517729822226,2.53,GVPT2_overtone_combination
D2O-HDO-DH,combination,,4,5.0,598.5,16708.43776106934,0.07,GVPT2_overtone_combination
D2O-HDO-DH,combination,,4,6.0,1411.32,7085.565286398549,0.11,GVPT2_overtone_combination
D2O-HDO-DH,combination,,4,7.0,1636.99,6108.772808630474,0.25,GVPT2_overtone_combination
D2O-HDO-DH,combination,,4,8.0,2895.09,3454.1240514111823,0.56,GVPT2_overtone_combination
D2O-HDO-DH,combination,,4,9.0,2969.36,3367.7290729315405,0.21,GVPT2_overtone_combination
D2O-HDO-DH,combination,,4,10.0,3004.99,3327.79809583393,0.05,GVPT2_overtone_combination
D2O-HDO-DH,combination,,4,11.0,3968.17,2520.0533243283426,0.39,GVPT2_overtone_combination
D2O-HDO-DH,overtone,,5,5.0,715.95,13967.455827920943,0.67,GVPT2_overtone_combination
D2O-HDO-DH,combination,,5,6.0,1567.23,6380.684392207908,0.04,GVPT2_overtone_combination
D2O-HDO-DH,combination,,5,7.0,1782.32,5610.664751559765,0.07,GVPT2_overtone_combination
D2O-HDO-DH,combination,,5,8.0,3048.68,3280.1081123633835,0.02,GVPT2_overtone_combination
D2O-HDO-DH,combination,,5,9.0,3114.49,3210.798557709288,0.02,GVPT2_overtone_combination
D2O-HDO-DH,combination,,5,10.0,3154.32,3170.2553957746836,0.06,GVPT2_overtone_combination
D2O-HDO-DH,combination,,5,11.0,4110.93,2432.5395956632683,0.09,GVPT2_overtone_combination
D2O-HDO-DH,overtone,,6,6.0,2337.76,4277.599069194443,0.04,GVPT2_overtone_combination
D2O-HDO-DH,combination,,6,7.0,2578.63,3878.028255313868,0.0,GVPT2_overtone_combination
D2O-HDO-DH,combination,,6,8.0,3817.22,2619.7075358506977,0.55,GVPT2_overtone_combination
D2O-HDO-DH,combination,,6,9.0,3911.68,2556.446335078534,0.0,GVPT2_overtone_combination
D2O-HDO-DH,combination,,6,10.0,3941.35,2537.201720222766,1.76,GVPT2_overtone_combination
D2O-HDO-DH,combination,,6,11.0,4907.84,2037.5562365521287,0.0,GVPT2_overtone_combination
D2O-HDO-DH,overtone,,7,7.0,2776.92,3601.1120233928236,2.85,GVPT2_overtone_combination
D2O-HDO-DH,combination,,7,8.0,4041.1,2474.573754670758,0.0,GVPT2_overtone_combination
D2O-HDO-DH,combination,,7,9.0,4111.23,2432.362091150337,0.75,GVPT2_overtone_combination
D2O-HDO-DH,combination,,7,10.0,4167.49,2399.5258536913107,0.0,GVPT2_overtone_combination
D2O-HDO-DH,combination,,7,11.0,5106.52,1958.2807861322385,1.47,GVPT2_overtone_combination
D2O-HDO-DH,overtone,,8,8.0,5214.33,1917.7919310822292,0.05,GVPT2_overtone_combination
D2O-HDO-DH,combination,,8,9.0,5373.11,1861.1195378467964,0.02,GVPT2_overtone_combination
D2O-HDO-DH,combination,,8,10.0,5359.74,1865.762145178684,0.55,GVPT2_overtone_combination
D2O-HDO-DH,combination,,8,11.0,6369.09,1570.083010288754,0.03,GVPT2_overtone_combination
D2O-HDO-DH,overtone,,9,9.0,5382.76,1857.7829960837935,0.66,GVPT2_overtone_combination
D2O-HDO-DH,combination,,9,10.0,5499.82,1818.2413242615214,0.03,GVPT2_overtone_combination
D2O-HDO-DH,combination,,9,11.0,6451.0,1550.147263990079,0.15,GVPT2_overtone_combination
D2O-HDO-DH,overtone,,10,10.0,5470.88,1827.85950340713,0.36,GVPT2_overtone_combination
D2O-HDO-DH,combination,,10,11.0,6496.58,1539.2714320457842,0.01,GVPT2_overtone_combination
D2O-HDO-DH,overtone,,11,11.0,7300.59,1369.7523076902003,1.43,GVPT2_overtone_combination
D2O,overtone,,0,0.0,2317.31,4315.348399653046,0.05,GVPT2_overtone_combination
D2O,combination,,0,1.0,3854.6,2594.302910807866,0.02,GVPT2_overtone_combination
D2O,combination,,0,2.0,3961.67,2524.188031814866,1.56,GVPT2_overtone_combination
D2O,overtone,,1,1.0,5344.92,1870.9353928590137,0.15,GVPT2_overtone_combination
D2O,combination,,1,2.0,5415.06,1846.701606261057,1.27,GVPT2_overtone_combination
D2O,overtone,,2,2.0,5552.58,1800.9645966379594,0.0,GVPT2_overtone_combination
H2O-D2O-HX,overtone,,0,0.0,161.38,61965.54715578139,0.56,GVPT2_overtone_combination
H2O-D2O-HX,combination,,0,1.0,175.26,57058.08513066302,0.16,GVPT2_overtone_combination
H2O-D2O-HX,combination,,0,2.0,173.16,57750.05775005775,1.43,GVPT2_overtone_combination
H2O-D2O-HX,combination,,0,3.0,225.24,44397.08755105665,0.08,GVPT2_overtone_combination
H2O-D2O-HX,combination,,0,4.0,380.46,26283.97203385376,0.26,GVPT2_overtone_combination
H2O-D2O-HX,combination,,0,5.0,536.08,18653.93224891807,0.54,GVPT2_overtone_combination
H2O-D2O-HX,combination,,0,6.0,1262.41,7921.356769987563,0.22,GVPT2_overtone_combination
H2O-D2O-HX,combination,,0,7.0,1685.92,5931.479548258518,0.31,GVPT2_overtone_combination
H2O-D2O-HX,combination,,0,8.0,2773.37,3605.7215589697735,0.64,GVPT2_overtone_combination
H2O-D2O-HX,combination,,0,9.0,2882.36,3469.3792586630398,0.4,GVPT2_overtone_combination
H2O-D2O-HX,combination,,0,10.0,3710.69,2694.9165788573014,0.49,GVPT2_overtone_combination
H2O-D2O-HX,combination,,0,11.0,3837.23,2606.046549203462,0.41,GVPT2_overtone_combination
H2O-D2O-HX,overtone,,1,1.0,187.7,53276.505061267984,2.45,GVPT2_overtone_combination
H2O-D2O-HX,combination,,1,2.0,210.49,47508.19516366573,0.04,GVPT2_overtone_combination
H2O-D2O-HX,combination,,1,3.0,235.82,42405.22432363667,2.53,GVPT2_overtone_combination
H2O-D2O-HX,combination,,1,4.0,383.36,26085.141903171952,0.26,GVPT2_overtone_combination
H2O-D2O-HX,combination,,1,5.0,558.52,17904.461791878537,1.65,GVPT2_overtone_combination
H2O-D2O-HX,combination,,1,6.0,1279.78,7813.843004266359,0.5,GVPT2_overtone_combination
H2O-D2O-HX,combination,,1,7.0,1699.99,5882.387543456138,0.02,GVPT2_overtone_combination
H2O-D2O-HX,combination,,1,8.0,2788.03,3586.761978888319,0.09,GVPT2_overtone_combination
H2O-D2O-HX,combination,,1,9.0,2901.97,3445.935002773978,0.05,GVPT2_overtone_combination
H2O-D2O-HX,combination,,1,10.0,3727.25,2682.94318867798,0.7,GVPT2_overtone_combination
H2O-D2O-HX,combination,,1,11.0,3855.94,2593.4013496060625,0.01,GVPT2_overtone_combination
H2O-D2O-HX,overtone,,2,2.0,210.88,47420.333839150226,2.23,GVPT2_overtone_combination
H2O-D2O-HX,combination,,2,3.0,248.11,40304.70355890532,0.14,GVPT2_overtone_combination
H2O-D2O-HX,combination,,2,4.0,402.3,24857.071836937608,0.05,GVPT2_overtone_combination
H2O-D2O-HX,combination,,2,5.0,561.46,17810.707797527873,0.48,GVPT2_overtone_combination
H2O-D2O-HX,combination,,2,6.0,1283.79,7789.4359669416335,0.0,GVPT2_overtone_combination
H2O-D2O-HX,combination,,2,7.0,1716.9,5824.451045488962,0.87,GVPT2_overtone_combination
H2O-D2O-HX,combination,,2,8.0,2791.17,3582.7269567958956,0.01,GVPT2_overtone_combination
H2O-D2O-HX,combination,,2,9.0,2903.5,3444.1191665231618,0.0,GVPT2_overtone_combination
H2O-D2O-HX,combination,,2,10.0,3724.53,2684.9025246138435,0.05,GVPT2_overtone_combination
H2O-D2O-HX,combination,,2,11.0,3847.99,2598.7593522852194,1.21,GVPT2_overtone_combination
H2O-D2O-HX,overtone,,3,3.0,280.67,35629.03053407917,1.11,GVPT2_overtone_combination
H2O-D2O-HX,combination,,3,4.0,418.15,23914.863087408827,0.4,GVPT2_overtone_combination
H2O-D2O-HX,combination,,3,5.0,597.29,16742.285991729314,2.3,GVPT2_overtone_combination
H2O-D2O-HX,combination,,3,6.0,1324.18,7551.843404975154,0.02,GVPT2_overtone_combination
H2O-D2O-HX,combination,,3,7.0,1747.99,5720.856526639169,0.04,GVPT2_overtone_combination
H2O-D2O-HX,combination,,3,8.0,2834.85,3527.523502125333,0.15,GVPT2_overtone_combination
H2O-D2O-HX,combination,,3,9.0,2946.0,3394.4331296673454,0.03,GVPT2_overtone_combination
H2O-D2O-HX,combination,,3,10.0,3774.16,2649.5962015388855,0.71,GVPT2_overtone_combination
H2O-D2O-HX,combination,,3,11.0,3908.55,2558.4935589924653,0.43,GVPT2_overtone_combination
H2O-D2O-HX,overtone,,4,4.0,537.87,18591.853049993493,1.03,GVPT2_overtone_combination
H2O-D2O-HX,combination,,4,5.0,739.68,13519.359723123514,0.04,GVPT2_overtone_combination
H2O-D2O-HX,combination,,4,6.0,1466.94,6816.911393785704,0.14,GVPT2_overtone_combination
H2O-D2O-HX,combination,,4,7.0,1881.78,5314.117484509347,0.17,GVPT2_overtone_combination
H2O-D2O-HX,combination,,4,8.0,2979.18,3356.628333971093,0.24,GVPT2_overtone_combination
H2O-D2O-HX,combination,,4,9.0,3090.2,3236.0365024917483,0.01,GVPT2_overtone_combination
H2O-D2O-HX,combination,,4,10.0,3938.97,2538.7347453775988,0.19,GVPT2_overtone_combination
H2O-D2O-HX,combination,,4,11.0,4043.07,2473.368009952833,0.17,GVPT2_overtone_combination
H2O-D2O-HX,overtone,,5,5.0,863.32,11583.190473984154,1.03,GVPT2_overtone_combination
H2O-D2O-HX,combination,,5,6.0,1658.59,6029.217588433549,0.0,GVPT2_overtone_combination
H2O-D2O-HX,combination,,5,7.0,2088.48,4788.171301616487,0.1,GVPT2_overtone_combination
H2O-D2O-HX,combination,,5,8.0,3164.21,3160.346500390303,0.04,GVPT2_overtone_combination
H2O-D2O-HX,combination,,5,9.0,3274.15,3054.22781485271,0.03,GVPT2_overtone_combination
H2O-D2O-HX,combination,,5,10.0,4139.0,2416.0425223483935,0.0,GVPT2_overtone_combination
H2O-D2O-HX,combination,,5,11.0,4232.42,2362.714475406505,0.15,GVPT2_overtone_combination
H2O-D2O-HX,overtone,,6,6.0,2334.81,4283.0037561942945,0.02,GVPT2_overtone_combination
H2O-D2O-HX,combination,,6,7.0,2779.46,3597.8211595058033,0.0,GVPT2_overtone_combination
H2O-D2O-HX,combination,,6,8.0,3858.59,2591.6202550672656,0.01,GVPT2_overtone_combination
H2O-D2O-HX,combination,,6,9.0,3965.03,2522.0490135005284,1.53,GVPT2_overtone_combination
H2O-D2O-HX,combination,,6,10.0,4793.36,2086.2192699901534,0.01,GVPT2_overtone_combination
H2O-D2O-HX,combination,,6,11.0,4932.16,2027.5092454421592,0.0,GVPT2_overtone_combination
H2O-D2O-HX,overtone,,7,7.0,3164.93,3159.627543105219,0.08,GVPT2_overtone_combination
H2O-D2O-HX,combination,,7,8.0,4290.78,2330.5785894406145,0.0,GVPT2_overtone_combination
H2O-D2O-HX,combination,,7,9.0,4400.84,2272.2934712463984,0.0,GVPT2_overtone_combination
H2O-D2O-HX,combination,,7,10.0,5208.12,1920.0786464213575,2.32,GVPT2_overtone_combination
H2O-D2O-HX,combination,,7,11.0,5343.83,1871.3170142014249,3.27,GVPT2_overtone_combination
H2O-D2O-HX,overtone,,8,8.0,5336.28,1873.9646345394171,0.21,GVPT2_overtone_combination
H2O-D2O-HX,combination,,8,9.0,5407.93,1849.136360862659,1.21,GVPT2_overtone_combination
H2O-D2O-HX,combination,,8,10.0,6303.26,1586.480646522593,0.08,GVPT2_overtone_combination
H2O-D2O-HX,combination,,8,11.0,6443.31,1551.9973429805486,0.01,GVPT2_overtone_combination
H2O-D2O-HX,overtone,,9,9.0,5546.36,1802.984299612719,0.01,GVPT2_overtone_combination
H2O-D2O-HX,combination,,9,10.0,6413.32,1559.2548009455322,0.02,GVPT2_overtone_combination
H2O-D2O-HX,combination,,9,11.0,6553.36,1525.934787650915,0.0,GVPT2_overtone_combination
H2O-D2O-HX,overtone,,10,10.0,7073.01,1413.8252314078447,0.04,GVPT2_overtone_combination
H2O-D2O-HX,combination,,10,11.0,7329.61,1364.3290707145402,0.77,GVPT2_overtone_combination
H2O-D2O-HX,overtone,,11,11.0,7371.0,1356.66802333469,0.99,GVPT2_overtone_combination
H2O-H2O-HX,overtone,,0,0.0,193.55,51666.236114699044,0.94,GVPT2_overtone_combination
H2O-H2O-HX,combination,,0,1.0,216.9,46104.19548178884,1.44,GVPT2_overtone_combination
H2O-H2O-HX,combination,,0,2.0,220.65,45320.643553138456,0.06,GVPT2_overtone_combination
H2O-H2O-HX,combination,,0,3.0,243.89,41002.09110664644,0.0,GVPT2_overtone_combination
H2O-H2O-HX,combination,,0,4.0,450.14,22215.310792197983,3.37,GVPT2_overtone_combination
H2O-H2O-HX,combination,,0,5.0,551.05,18147.17357771527,0.85,GVPT2_overtone_combination
H2O-H2O-HX,combination,,0,6.0,1696.56,5894.280190503136,0.8,GVPT2_overtone_combination
H2O-H2O-HX,combination,,0,7.0,1715.9,5827.845445538784,0.08,GVPT2_overtone_combination
H2O-H2O-HX,combination,,0,8.0,3726.28,2683.6415942977983,0.26,GVPT2_overtone_combination
H2O-H2O-HX,combination,,0,9.0,3791.34,2637.5898758750204,1.05,GVPT2_overtone_combination
H2O-H2O-HX,combination,,0,10.0,3849.99,2597.409343920374,0.04,GVPT2_overtone_combination
H2O-H2O-HX,combination,,0,11.0,3876.25,2579.8129635601417,0.79,GVPT2_overtone_combination
H2O-H2O-HX,overtone,,1,1.0,220.02,45450.41359876375,0.55,GVPT2_overtone_combination
H2O-H2O-HX,combination,,1,2.0,226.82,44087.82294330306,0.11,GVPT2_overtone_combination
H2O-H2O-HX,combination,,1,3.0,246.28,40604.19035244437,0.04,GVPT2_overtone_combination
H2O-H2O-HX,combination,,1,4.0,395.92,25257.627803596686,0.46,GVPT2_overtone_combination
H2O-H2O-HX,combination,,1,5.0,602.4,16600.265604249667,0.12,GVPT2_overtone_combination
H2O-H2O-HX,combination,,1,6.0,1705.53,5863.280036117805,0.0,GVPT2_overtone_combination
H2O-H2O-HX,combination,,1,7.0,1715.92,5827.777518765443,0.48,GVPT2_overtone_combination
H2O-H2O-HX,combination,,1,8.0,3739.94,2673.8396872677104,0.11,GVPT2_overtone_combination
H2O-H2O-HX,combination,,1,9.0,3797.81,2633.0964424233966,0.11,GVPT2_overtone_combination
H2O-H2O-HX,combination,,1,10.0,3857.21,2592.54746306268,0.18,GVPT2_overtone_combination
H2O-H2O-HX,combination,,1,11.0,3881.98,2576.005028361815,0.35,GVPT2_overtone_combination
H2O-H2O-HX,overtone,,2,2.0,220.13,45427.701812565305,1.43,GVPT2_overtone_combination
H2O-H2O-HX,combination,,2,3.0,234.43,42656.65657125795,4.49,GVPT2_overtone_combination
H2O-H2O-HX,combination,,2,4.0,415.44,24070.864625457347,1.63,GVPT2_overtone_combination
H2O-H2O-HX,combination,,2,5.0,586.52,17049.71697469822,3.06,GVPT2_overtone_combination
H2O-H2O-HX,combination,,2,6.0,1709.52,5849.595208011606,0.03,GVPT2_overtone_combination
H2O-H2O-HX,combination,,2,7.0,1715.49,5829.238293432197,0.07,GVPT2_overtone_combination
H2O-H2O-HX,combination,,2,8.0,3741.14,2672.9820322147793,0.27,GVPT2_overtone_combination
H2O-H2O-HX,combination,,2,9.0,3800.9,2630.955826251677,0.37,GVPT2_overtone_combination
H2O-H2O-HX,combination,,2,10.0,3860.51,2590.331329280328,0.04,GVPT2_overtone_combination
H2O-H2O-HX,combination,,2,11.0,3884.34,2574.4399305930992,0.06,GVPT2_overtone_combination
H2O-H2O-HX,overtone,,3,3.0,268.19,37286.99802378911,15.14,GVPT2_overtone_combination
H2O-H2O-HX,combination,,3,4.0,409.37,24427.77927058651,0.83,GVPT2_overtone_combination
H2O-H2O-HX,combination,,3,5.0,599.89,16669.72278251013,1.74,GVPT2_overtone_combination
H2O-H2O-HX,combination,,3,6.0,1728.5,5785.363031530229,0.01,GVPT2_overtone_combination
H2O-H2O-HX,combination,,3,7.0,1738.21,5753.04479895985,0.03,GVPT2_overtone_combination
H2O-H2O-HX,combination,,3,8.0,3764.98,2656.0566058783843,0.91,GVPT2_overtone_combination
H2O-H2O-HX,combination,,3,9.0,3822.2,2616.294280780702,0.55,GVPT2_overtone_combination
H2O-H2O-HX,combination,,3,10.0,3866.87,2586.0709048920703,0.37,GVPT2_overtone_combination
H2O-H2O-HX,combination,,3,11.0,3906.47,2559.8558289197153,0.08,GVPT2_overtone_combination
H2O-H2O-HX,overtone,,4,4.0,532.99,18762.078087769,2.13,GVPT2_overtone_combination
H2O-H2O-HX,combination,,4,5.0,755.06,13243.980610812387,0.07,GVPT2_overtone_combination
H2O-H2O-HX,combination,,4,6.0,1889.31,5292.937633315867,0.44,GVPT2_overtone_combination
H2O-H2O-HX,combination,,4,7.0,1888.32,5295.712591086257,0.43,GVPT2_overtone_combination
H2O-H2O-HX,combination,,4,8.0,3944.07,2535.451956988593,0.54,GVPT2_overtone_combination
H2O-H2O-HX,combination,,4,9.0,3984.12,2509.964559300423,0.96,GVPT2_overtone_combination
H2O-H2O-HX,combination,,4,10.0,4037.83,2476.5777657801345,0.34,GVPT2_overtone_combination
H2O-H2O-HX,combination,,4,11.0,4069.29,2457.4311489227853,0.04,GVPT2_overtone_combination
H2O-H2O-HX,overtone,,5,5.0,891.42,11218.05658387741,1.25,GVPT2_overtone_combination
H2O-H2O-HX,combination,,5,6.0,2081.89,4803.327745462057,0.0,GVPT2_overtone_combination
H2O-H2O-HX,combination,,5,7.0,2100.43,4760.929904829011,0.1,GVPT2_overtone_combination
H2O-H2O-HX,combination,,5,8.0,4150.88,2409.1277030412825,0.0,GVPT2_overtone_combination
H2O-H2O-HX,combination,,5,9.0,4174.1,2395.726024771807,0.06,GVPT2_overtone_combination
H2O-H2O-HX,combination,,5,10.0,4233.34,2362.201004407867,0.14,GVPT2_overtone_combination
H2O-H2O-HX,combination,,5,11.0,4258.64,2348.167490090733,0.04,GVPT2_overtone_combination
H2O-H2O-HX,overtone,,6,6.0,3146.67,3177.962735208967,0.03,GVPT2_overtone_combination
H2O-H2O-HX,combination,,6,7.0,3182.79,3141.8975175867713,0.04,GVPT2_overtone_combination
H2O-H2O-HX,combination,,6,8.0,5200.26,1922.9807740382212,0.13,GVPT2_overtone_combination
H2O-H2O-HX,combination,,6,9.0,5260.76,1900.866034565348,0.04,GVPT2_overtone_combination
H2O-H2O-HX,combination,,6,10.0,5330.65,1875.9438342416029,0.18,GVPT2_overtone_combination
H2O-H2O-HX,combination,,6,11.0,5341.46,1872.1473155279643,3.6,GVPT2_overtone_combination
H2O-H2O-HX,overtone,,7,7.0,3166.46,3158.100844476166,0.06,GVPT2_overtone_combination
H2O-H2O-HX,combination,,7,8.0,5203.92,1921.6283109655797,2.12,GVPT2_overtone_combination
H2O-H2O-HX,combination,,7,9.0,5284.68,1892.2621615689122,0.0,GVPT2_overtone_combination
H2O-H2O-HX,combination,,7,10.0,5330.44,1876.017739623746,3.13,GVPT2_overtone_combination
H2O-H2O-HX,combination,,7,11.0,5368.85,1862.5962729448577,0.19,GVPT2_overtone_combination
H2O-H2O-HX,overtone,,8,8.0,7066.08,1415.2118289065506,0.03,GVPT2_overtone_combination
H2O-H2O-HX,combination,,8,9.0,7292.39,1371.2925392086818,0.06,GVPT2_overtone_combination
H2O-H2O-HX,combination,,8,10.0,7292.63,1371.2474100564543,0.78,GVPT2_overtone_combination
H2O-H2O-HX,combination,,8,11.0,7377.86,1355.4065813121963,0.01,GVPT2_overtone_combination
H2O-H2O-HX,overtone,,9,9.0,7291.26,1371.5050622251847,0.49,GVPT2_overtone_combination
H2O-H2O-HX,combination,,9,10.0,7425.38,1346.7324231217797,0.03,GVPT2_overtone_combination
H2O-H2O-HX,combination,,9,11.0,7300.7,1369.7316695659322,2.53,GVPT2_overtone_combination
H2O-H2O-HX,overtone,,10,10.0,7345.31,1361.4129287940195,0.98,GVPT2_overtone_combination
H2O-H2O-HX,combination,,10,11.0,7510.37,1331.4923232810102,0.01,GVPT2_overtone_combination
H2O-H2O-HX,overtone,,11,11.0,7448.11,1342.6224908063925,0.01,GVPT2_overtone_combination
H2O-HDO-HD,overtone,,0,0.0,199.55,50112.75369581558,0.43,GVPT2_overtone_combination
H2O-HDO-HD,combination,,0,1.0,191.12,52323.14776056928,1.66,GVPT2_overtone_combination
H2O-HDO-HD,combination,,0,2.0,218.04,45863.1443771785,0.64,GVPT2_overtone_combination
H2O-HDO-HD,combination,,0,3.0,256.09,39048.771916123245,0.83,GVPT2_overtone_combination
H2O-HDO-HD,combination,,0,4.0,403.57,24778.84877468593,0.45,GVPT2_overtone_combination
H2O-HDO-HD,combination,,0,5.0,561.91,17796.444270434768,1.13,GVPT2_overtone_combination
H2O-HDO-HD,combination,,0,6.0,1501.69,6659.164008550366,0.49,GVPT2_overtone_combination
H2O-HDO-HD,combination,,0,7.0,1703.63,5869.819150871961,0.38,GVPT2_overtone_combination
H2O-HDO-HD,combination,,0,8.0,2850.48,3508.181078274536,1.28,GVPT2_overtone_combination
H2O-HDO-HD,combination,,0,9.0,3745.06,2670.1841893053784,0.74,GVPT2_overtone_combination
H2O-HDO-HD,combination,,0,10.0,3827.41,2612.732892478203,0.09,GVPT2_overtone_combination
H2O-HDO-HD,combination,,0,11.0,3874.04,2581.2846537464766,0.4,GVPT2_overtone_combination
H2O-HDO-HD,overtone,,1,1.0,208.75,47904.19161676647,1.31,GVPT2_overtone_combination
H2O-HDO-HD,combination,,1,2.0,227.18,44017.95932740558,0.08,GVPT2_overtone_combination
H2O-HDO-HD,combination,,1,3.0,261.47,38245.305388763525,0.21,GVPT2_overtone_combination
H2O-HDO-HD,combination,,1,4.0,411.92,24276.558555059233,0.26,GVPT2_overtone_combination
H2O-HDO-HD,combination,,1,5.0,568.34,17595.10152373579,0.38,GVPT2_overtone_combination
H2O-HDO-HD,combination,,1,6.0,1506.99,6635.74409916456,0.09,GVPT2_overtone_combination
H2O-HDO-HD,combination,,1,7.0,1715.68,5828.592744567752,0.82,GVPT2_overtone_combination
H2O-HDO-HD,combination,,1,8.0,2840.3,3520.7548498398055,0.05,GVPT2_overtone_combination
H2O-HDO-HD,combination,,1,9.0,3739.68,2674.025585076798,0.09,GVPT2_overtone_combination
H2O-HDO-HD,combination,,1,10.0,3827.65,2612.5690697947825,0.05,GVPT2_overtone_combination
H2O-HDO-HD,combination,,1,11.0,3865.54,2586.9606833715343,1.05,GVPT2_overtone_combination
H2O-HDO-HD,overtone,,2,2.0,227.48,43959.90856339019,1.75,GVPT2_overtone_combination
H2O-HDO-HD,combination,,2,3.0,264.01,37877.353130563235,3.61,GVPT2_overtone_combination
H2O-HDO-HD,combination,,2,4.0,420.26,23794.79369913863,0.58,GVPT2_overtone_combination
H2O-HDO-HD,combination,,2,5.0,590.62,16931.36026548373,1.94,GVPT2_overtone_combination
H2O-HDO-HD,combination,,2,6.0,1526.24,6552.049481077681,0.14,GVPT2_overtone_combination
H2O-HDO-HD,combination,,2,7.0,1720.17,5813.378910223989,0.04,GVPT2_overtone_combination
H2O-HDO-HD,combination,,2,8.0,2861.35,3494.853827738655,0.15,GVPT2_overtone_combination
H2O-HDO-HD,combination,,2,9.0,3767.11,2654.5548178842664,0.43,GVPT2_overtone_combination
H2O-HDO-HD,combination,,2,10.0,3845.65,2600.3406446244458,0.48,GVPT2_overtone_combination
H2O-HDO-HD,combination,,2,11.0,3897.57,2565.701193307625,0.01,GVPT2_overtone_combination
H2O-HDO-HD,overtone,,3,3.0,308.63,32401.25716877815,3.31,GVPT2_overtone_combination
H2O-HDO-HD,combination,,3,4.0,437.96,22833.135446159467,0.55,GVPT2_overtone_combination
H2O-HDO-HD,combination,,3,5.0,618.24,16174.948240165631,2.1,GVPT2_overtone_combination
H2O-HDO-HD,combination,,3,6.0,1560.93,6406.437188086589,0.04,GVPT2_overtone_combination
H2O-HDO-HD,combination,,3,7.0,1760.33,5680.753040623065,0.04,GVPT2_overtone_combination
H2O-HDO-HD,combination,,3,8.0,2900.31,3447.907292668715,0.11,GVPT2_overtone_combination
H2O-HDO-HD,combination,,3,9.0,3804.43,2628.5146526549315,0.81,GVPT2_overtone_combination
H2O-HDO-HD,combination,,3,10.0,3885.46,2573.697837579077,0.25,GVPT2_overtone_combination
H2O-HDO-HD,combination,,3,11.0,3962.02,2523.9650481320136,0.45,GVPT2_overtone_combination
H2O-HDO-HD,overtone,,4,4.0,535.2,18684.603886397606,1.64,GVPT2_overtone_combination
H2O-HDO-HD,combination,,4,5.0,752.24,13293.62969265128,0.06,GVPT2_overtone_combination
H2O-HDO-HD,combination,,4,6.0,1696.68,5893.863309522126,0.32,GVPT2_overtone_combination
H2O-HDO-HD,combination,,4,7.0,1885.31,5304.1674843924875,0.19,GVPT2_overtone_combination
H2O-HDO-HD,combination,,4,8.0,3036.59,3293.16766504533,0.17,GVPT2_overtone_combination
H2O-HDO-HD,combination,,4,9.0,3960.34,2525.035729255569,0.38,GVPT2_overtone_combination
H2O-HDO-HD,combination,,4,10.0,4023.87,2485.169749519741,0.46,GVPT2_overtone_combination
H2O-HDO-HD,combination,,4,11.0,4067.35,2458.6032674837425,0.25,GVPT2_overtone_combination
H2O-HDO-HD,overtone,,5,5.0,883.52,11318.36291198841,1.15,GVPT2_overtone_combination
H2O-HDO-HD,combination,,5,6.0,1886.93,5299.6136581643195,0.04,GVPT2_overtone_combination
H2O-HDO-HD,combination,,5,7.0,2096.8,4769.172071728348,0.1,GVPT2_overtone_combination
H2O-HDO-HD,combination,,5,8.0,3224.11,3101.631147820639,0.03,GVPT2_overtone_combination
H2O-HDO-HD,combination,,5,9.0,4165.86,2400.4647299717226,0.02,GVPT2_overtone_combination
H2O-HDO-HD,combination,,5,10.0,4211.05,2374.70464610964,0.08,GVPT2_overtone_combination
H2O-HDO-HD,combination,,5,11.0,4261.34,2346.679682916641,0.15,GVPT2_overtone_combination
H2O-HDO-HD,overtone,,6,6.0,2779.74,3597.4587551353725,2.98,GVPT2_overtone_combination
H2O-HDO-HD,combination,,6,7.0,3002.12,3330.979441194889,0.0,GVPT2_overtone_combination
H2O-HDO-HD,combination,,6,8.0,4119.38,2427.5497769081753,0.76,GVPT2_overtone_combination
H2O-HDO-HD,combination,,6,9.0,5031.77,1987.372236807326,0.01,GVPT2_overtone_combination
H2O-HDO-HD,combination,,6,10.0,5104.62,1959.0096814258457,1.47,GVPT2_overtone_combination
H2O-HDO-HD,combination,,6,11.0,5174.88,1932.4119593111338,0.0,GVPT2_overtone_combination
H2O-HDO-HD,overtone,,7,7.0,3163.31,3161.245657238778,0.08,GVPT2_overtone_combination
H2O-HDO-HD,combination,,7,8.0,4340.84,2303.7015877111344,0.0,GVPT2_overtone_combination
H2O-HDO-HD,combination,,7,9.0,5222.71,1914.7147745136147,2.32,GVPT2_overtone_combination
H2O-HDO-HD,combination,,7,10.0,5327.31,1877.119972368794,0.0,GVPT2_overtone_combination
H2O-HDO-HD,combination,,7,11.0,5362.5,1864.801864801865,3.27,GVPT2_overtone_combination
H2O-HDO-HD,overtone,,8,8.0,5396.4,1853.087243347417,0.66,GVPT2_overtone_combination
H2O-HDO-HD,combination,,8,9.0,6369.16,1570.0657543537923,0.05,GVPT2_overtone_combination
H2O-HDO-HD,combination,,8,10.0,6455.48,1549.0714865509615,0.15,GVPT2_overtone_combination
H2O-HDO-HD,combination,,8,11.0,6513.55,1535.2611095332038,0.01,GVPT2_overtone_combination
H2O-HDO-HD,overtone,,9,9.0,7103.76,1407.7052152662816,0.03,GVPT2_overtone_combination
H2O-HDO-HD,combination,,9,10.0,7354.92,1359.6340952722803,0.05,GVPT2_overtone_combination
H2O-HDO-HD,combination,,9,11.0,7385.34,1354.0338020998356,0.78,GVPT2_overtone_combination
H2O-HDO-HD,overtone,,10,10.0,7296.47,1370.5257473819531,1.42,GVPT2_overtone_combination
H2O-HDO-HD,combination,,10,11.0,7498.54,1333.5929394255415,0.05,GVPT2_overtone_combination
H2O-HDO-HD,overtone,,11,11.0,7410.91,1349.3619541999565,0.98,GVPT2_overtone_combination
H2O-HDO-HH,overtone,,0,0.0,184.78,54118.41108345059,0.48,GVPT2_overtone_combination
H2O-HDO-HH,combination,,0,1.0,199.56,50110.24253357386,1.73,GVPT2_overtone_combination
H2O-HDO-HH,combination,,0,2.0,196.62,50859.52598921778,0.66,GVPT2_overtone_combination
H2O-HDO-HH,combination,,0,3.0,248.03,40317.703503608434,0.85,GVPT2_overtone_combination
H2O-HDO-HH,combination,,0,4.0,397.38,25164.82963410338,0.44,GVPT2_overtone_combination
H2O-HDO-HH,combination,,0,5.0,550.92,18151.45574675089,1.11,GVPT2_overtone_combination
H2O-HDO-HH,combination,,0,6.0,1493.77,6694.471036371061,0.49,GVPT2_overtone_combination
H2O-HDO-HH,combination,,0,7.0,1697.11,5892.369970125685,0.38,GVPT2_overtone_combination
H2O-HDO-HH,combination,,0,8.0,2828.0,3536.067892503536,1.26,GVPT2_overtone_combination
H2O-HDO-HH,combination,,0,9.0,3734.34,2677.849365617485,0.74,GVPT2_overtone_combination
H2O-HDO-HH,combination,,0,10.0,3824.75,2614.5499705863126,0.09,GVPT2_overtone_combination
H2O-HDO-HH,combination,,0,11.0,3865.7,2586.853609954213,0.39,GVPT2_overtone_combination
H2O-HDO-HH,overtone,,1,1.0,242.79,41187.85781951481,1.53,GVPT2_overtone_combination
H2O-HDO-HH,combination,,1,2.0,228.33,43796.25979941313,0.12,GVPT2_overtone_combination
H2O-HDO-HH,combination,,1,3.0,275.24,36331.92849876471,0.22,GVPT2_overtone_combination
H2O-HDO-HH,combination,,1,4.0,425.83,23483.549773383747,0.29,GVPT2_overtone_combination
H2O-HDO-HH,combination,,1,5.0,578.07,17298.943034580585,0.39,GVPT2_overtone_combination
H2O-HDO-HH,combination,,1,6.0,1518.15,6586.964397457431,0.09,GVPT2_overtone_combination
H2O-HDO-HH,combination,,1,7.0,1729.15,5783.188271694185,0.82,GVPT2_overtone_combination
H2O-HDO-HH,combination,,1,8.0,2849.46,3509.436875758916,0.05,GVPT2_overtone_combination
H2O-HDO-HH,combination,,1,9.0,3751.92,2665.302032026269,0.1,GVPT2_overtone_combination
H2O-HDO-HH,combination,,1,10.0,3847.71,2598.9484654508788,0.05,GVPT2_overtone_combination
H2O-HDO-HH,combination,,1,11.0,3883.18,2575.208978208582,1.1,GVPT2_overtone_combination
H2O-HDO-HH,overtone,,2,2.0,199.78,50055.06056662329,1.44,GVPT2_overtone_combination
H2O-HDO-HH,combination,,2,3.0,252.06,39673.093707847336,3.36,GVPT2_overtone_combination
H2O-HDO-HH,combination,,2,4.0,410.74,24346.30179675707,0.55,GVPT2_overtone_combination
H2O-HDO-HH,combination,,2,5.0,574.77,17398.263653287402,1.89,GVPT2_overtone_combination
H2O-HDO-HH,combination,,2,6.0,1510.26,6621.376451736787,0.14,GVPT2_overtone_combination
H2O-HDO-HH,combination,,2,7.0,1710.56,5846.038724160509,0.03,GVPT2_overtone_combination
H2O-HDO-HH,combination,,2,8.0,2845.31,3514.5555317346793,0.15,GVPT2_overtone_combination
H2O-HDO-HH,combination,,2,9.0,3754.88,2663.200954491222,0.42,GVPT2_overtone_combination
H2O-HDO-HH,combination,,2,10.0,3845.72,2600.2933130857164,0.47,GVPT2_overtone_combination
H2O-HDO-HH,combination,,2,11.0,3886.81,2572.803918894929,0.01,GVPT2_overtone_combination
H2O-HDO-HH,overtone,,3,3.0,308.52,32412.80954233113,3.14,GVPT2_overtone_combination
H2O-HDO-HH,combination,,3,4.0,440.6,22696.323195642304,0.54,GVPT2_overtone_combination
H2O-HDO-HH,combination,,3,5.0,614.91,16262.542485892245,2.09,GVPT2_overtone_combination
H2O-HDO-HH,combination,,3,6.0,1558.77,6415.314639106475,0.04,GVPT2_overtone_combination
H2O-HDO-HH,combination,,3,7.0,1761.35,5677.4633093933635,0.04,GVPT2_overtone_combination
H2O-HDO-HH,combination,,3,8.0,2893.66,3455.8310236862662,0.11,GVPT2_overtone_combination
H2O-HDO-HH,combination,,3,9.0,3802.95,2629.537595813776,0.8,GVPT2_overtone_combination
H2O-HDO-HH,combination,,3,10.0,3892.87,2568.79885534323,0.25,GVPT2_overtone_combination
H2O-HDO-HH,combination,,3,11.0,3961.56,2524.258120538374,0.44,GVPT2_overtone_combination
H2O-HDO-HH,overtone,,4,4.0,540.9,18487.705675725643,1.66,GVPT2_overtone_combination
H2O-HDO-HH,combination,,4,5.0,750.8,13319.126265316996,0.06,GVPT2_overtone_combination
H2O-HDO-HH,combination,,4,6.0,1696.26,5895.32265100869,0.32,GVPT2_overtone_combination
H2O-HDO-HH,combination,,4,7.0,1889.48,5292.461417956263,0.19,GVPT2_overtone_combination
H2O-HDO-HH,combination,,4,8.0,3032.47,3297.641856308554,0.17,GVPT2_overtone_combination
H2O-HDO-HH,combination,,4,9.0,3961.18,2524.50027517053,0.38,GVPT2_overtone_combination
H2O-HDO-HH,combination,,4,10.0,4031.53,2480.447869667347,0.47,GVPT2_overtone_combination
H2O-HDO-HH,combination,,4,11.0,4070.31,2456.815328562198,0.24,GVPT2_overtone_combination
H2O-HDO-HH,overtone,,5,5.0,876.45,11409.66398539563,1.14,GVPT2_overtone_combination
H2O-HDO-HH,combination,,5,6.0,1881.92,5313.7221560959015,0.04,GVPT2_overtone_combination
H2O-HDO-HH,combination,,5,7.0,2094.49,4774.431961957327,0.1,GVPT2_overtone_combination
H2O-HDO-HH,combination,,5,8.0,3215.95,3109.501080551626,0.03,GVPT2_overtone_combination
H2O-HDO-HH,combination,,5,9.0,4160.63,2403.4821649605947,0.02,GVPT2_overtone_combination
H2O-HDO-HH,combination,,5,10.0,4213.08,2373.560435595811,0.08,GVPT2_overtone_combination
H2O-HDO-HH,combination,,5,11.0,4258.77,2348.0958117015,0.15,GVPT2_overtone_combination
H2O-HDO-HH,overtone,,6,6.0,2776.18,3602.0719117636468,2.98,GVPT2_overtone_combination
H2O-HDO-HH,combination,,6,7.0,3001.19,3332.0116353846306,0.0,GVPT2_overtone_combination
H2O-HDO-HH,combination,,6,8.0,4112.51,2431.605029531843,0.76,GVPT2_overtone_combination
H2O-HDO-HH,combination,,6,9.0,5028.51,1988.6606569341614,0.01,GVPT2_overtone_combination
H2O-HDO-HH,combination,,6,10.0,5108.08,1957.6827301060282,1.47,GVPT2_overtone_combination
H2O-HDO-HH,combination,,6,11.0,5173.56,1932.9050015849818,0.0,GVPT2_overtone_combination
H2O-HDO-HH,overtone,,7,7.0,3165.29,3159.268187117136,0.08,GVPT2_overtone_combination
H2O-HDO-HH,combination,,7,8.0,4336.43,2306.0443729058234,0.0,GVPT2_overtone_combination
H2O-HDO-HH,combination,,7,9.0,5222.22,1914.894431869971,2.32,GVPT2_overtone_combination
H2O-HDO-HH,combination,,7,10.0,5333.27,1875.0222658894072,0.0,GVPT2_overtone_combination
H2O-HDO-HH,combination,,7,11.0,5364.12,1864.2386822069604,3.27,GVPT2_overtone_combination
H2O-HDO-HH,overtone,,8,8.0,5385.84,1856.7205858324792,0.66,GVPT2_overtone_combination
H2O-HDO-HH,combination,,8,9.0,6362.46,1571.719114933532,0.05,GVPT2_overtone_combination
H2O-HDO-HH,combination,,8,10.0,6455.28,1549.1194804872912,0.15,GVPT2_overtone_combination
H2O-HDO-HH,combination,,8,11.0,6508.78,1536.3862352084416,0.01,GVPT2_overtone_combination
H2O-HDO-HH,overtone,,9,9.0,7100.94,1408.26425797148,0.03,GVPT2_overtone_combination
H2O-HDO-HH,combination,,9,10.0,7358.55,1358.9633827316522,0.05,GVPT2_overtone_combination
H2O-HDO-HH,combination,,9,11.0,7383.4,1354.3895766178184,0.78,GVPT2_overtone_combination
H2O-HDO-HH,overtone,,10,10.0,7306.67,1368.6125143191084,1.43,GVPT2_overtone_combination
H2O-HDO-HH,combination,,10,11.0,7504.1,1332.6048426859982,0.05,GVPT2_overtone_combination
H2O-HDO-HH,overtone,,11,11.0,7411.89,1349.183541579813,0.98,GVPT2_overtone_combination
H2O,overtone,,0,0.0,3127.57,3197.3704825151794,0.12,GVPT2_overtone_combination
H2O,combination,,0,1.0,5259.15,1901.447952615917,0.04,GVPT2_overtone_combination
H2O,combination,,0,2.0,5343.27,1871.5131370864656,3.83,GVPT2_overtone_combination
H2O,overtone,,1,1.0,7302.09,1369.4709322947265,0.3,GVPT2_overtone_combination
H2O,combination,,1,2.0,7315.19,1367.0184916591368,2.57,GVPT2_overtone_combination
H2O,overtone,,2,2.0,7465.97,1339.4106860863358,0.0,GVPT2_overtone_combination
HDO-D2O-DX,overtone,,0,0.0,164.56,60768.108896451144,0.23,GVPT2_overtone_combination
HDO-D2O-DX,combination,,0,1.0,112.29,89055.12512245079,0.09,GVPT2_overtone_combination
HDO-D2O-DX,combination,,0,2.0,178.82,55922.15635834918,1.11,GVPT2_overtone_combination
HDO-D2O-DX,combination,,0,3.0,157.95,63311.17442228554,0.03,GVPT2_overtone_combination
HDO-D2O-DX,combination,,0,4.0,209.81,47662.17053524617,0.15,GVPT2_overtone_combination
HDO-D2O-DX,combination,,0,5.0,465.52,21481.354184567797,0.36,GVPT2_overtone_combination
HDO-D2O-DX,combination,,0,6.0,1262.09,7923.365211672703,0.15,GVPT2_overtone_combination
HDO-D2O-DX,combination,,0,7.0,1478.55,6763.383044198708,0.2,GVPT2_overtone_combination
HDO-D2O-DX,combination,,0,8.0,2754.36,3630.6074732424227,0.04,GVPT2_overtone_combination
HDO-D2O-DX,combination,,0,9.0,2777.35,3600.5544853907504,0.53,GVPT2_overtone_combination
HDO-D2O-DX,combination,,0,10.0,2884.15,3467.226045802056,0.39,GVPT2_overtone_combination
HDO-D2O-DX,combination,,0,11.0,3818.79,2618.6305086166035,0.51,GVPT2_overtone_combination
HDO-D2O-DX,overtone,,1,1.0,57.7,173310.2253032929,0.54,GVPT2_overtone_combination
HDO-D2O-DX,combination,,1,2.0,148.59,67299.2798977051,0.04,GVPT2_overtone_combination
HDO-D2O-DX,combination,,1,3.0,104.32,95858.89570552149,0.7,GVPT2_overtone_combination
HDO-D2O-DX,combination,,1,4.0,10.29,971817.2983479106,0.02,GVPT2_overtone_combination
HDO-D2O-DX,combination,,1,5.0,416.43,24013.63974737651,0.58,GVPT2_overtone_combination
HDO-D2O-DX,combination,,1,6.0,1212.58,8246.878556466378,0.36,GVPT2_overtone_combination
HDO-D2O-DX,combination,,1,7.0,1427.25,7006.480994920301,0.02,GVPT2_overtone_combination
HDO-D2O-DX,combination,,1,8.0,2704.26,3697.8692877164176,0.42,GVPT2_overtone_combination
HDO-D2O-DX,combination,,1,9.0,2724.69,3670.1422914166383,0.1,GVPT2_overtone_combination
HDO-D2O-DX,combination,,1,10.0,2836.94,3524.92474285674,0.05,GVPT2_overtone_combination
HDO-D2O-DX,combination,,1,11.0,3769.22,2653.068804686381,0.09,GVPT2_overtone_combination
HDO-D2O-DX,overtone,,2,2.0,213.23,46897.71608122685,2.69,GVPT2_overtone_combination
HDO-D2O-DX,combination,,2,3.0,181.18,55193.72999227288,0.12,GVPT2_overtone_combination
HDO-D2O-DX,combination,,2,4.0,217.41,45996.044340186745,0.01,GVPT2_overtone_combination
HDO-D2O-DX,combination,,2,5.0,504.01,19840.876173091805,0.33,GVPT2_overtone_combination
HDO-D2O-DX,combination,,2,6.0,1284.52,7785.00918631084,0.0,GVPT2_overtone_combination
HDO-D2O-DX,combination,,2,7.0,1508.43,6629.409385917808,0.61,GVPT2_overtone_combination
HDO-D2O-DX,combination,,2,8.0,2772.14,3607.321419553125,0.11,GVPT2_overtone_combination
HDO-D2O-DX,combination,,2,9.0,2795.83,3576.7553821226616,0.01,GVPT2_overtone_combination
HDO-D2O-DX,combination,,2,10.0,2906.56,3440.493229109325,0.0,GVPT2_overtone_combination
HDO-D2O-DX,combination,,2,11.0,3827.9,2612.398443010528,1.26,GVPT2_overtone_combination
HDO-D2O-DX,overtone,,3,3.0,142.03,70407.66035344645,0.3,GVPT2_overtone_combination
HDO-D2O-DX,combination,,3,4.0,43.22,231374.36372049976,0.04,GVPT2_overtone_combination
HDO-D2O-DX,combination,,3,5.0,452.28,22110.19722295923,0.82,GVPT2_overtone_combination
HDO-D2O-DX,combination,,3,6.0,1252.43,7984.478174428909,0.03,GVPT2_overtone_combination
HDO-D2O-DX,combination,,3,7.0,1470.2,6801.795674057951,0.11,GVPT2_overtone_combination
HDO-D2O-DX,combination,,3,8.0,2745.96,3641.7136447726843,0.38,GVPT2_overtone_combination
HDO-D2O-DX,combination,,3,9.0,2767.03,3613.9832238898744,0.27,GVPT2_overtone_combination
HDO-D2O-DX,combination,,3,10.0,2876.47,3476.4833285241984,0.03,GVPT2_overtone_combination
HDO-D2O-DX,combination,,3,11.0,3810.06,2624.630583245408,0.05,GVPT2_overtone_combination
HDO-D2O-DX,overtone,,4,4.0,200.39,49902.68975497779,0.36,GVPT2_overtone_combination
HDO-D2O-DX,combination,,4,5.0,516.91,19345.72749608249,0.01,GVPT2_overtone_combination
HDO-D2O-DX,combination,,4,6.0,1295.68,7717.955050629785,0.17,GVPT2_overtone_combination
HDO-D2O-DX,combination,,4,7.0,1511.25,6617.038875103392,0.16,GVPT2_overtone_combination
HDO-D2O-DX,combination,,4,8.0,2801.84,3569.0831739142845,0.13,GVPT2_overtone_combination
HDO-D2O-DX,combination,,4,9.0,2810.61,3557.946495600599,0.35,GVPT2_overtone_combination
HDO-D2O-DX,combination,,4,10.0,2920.55,3424.012600366369,0.01,GVPT2_overtone_combination
HDO-D2O-DX,combination,,4,11.0,3851.07,2596.6809224449307,0.39,GVPT2_overtone_combination
HDO-D2O-DX,overtone,,5,5.0,741.33,13489.26928628276,0.47,GVPT2_overtone_combination
HDO-D2O-DX,combination,,5,6.0,1569.73,6370.522319124945,0.0,GVPT2_overtone_combination
HDO-D2O-DX,combination,,5,7.0,1794.68,5572.0239819912185,0.07,GVPT2_overtone_combination
HDO-D2O-DX,combination,,5,8.0,3081.31,3245.3729095741746,0.0,GVPT2_overtone_combination
HDO-D2O-DX,combination,,5,9.0,3083.77,3242.783994915315,0.03,GVPT2_overtone_combination
HDO-D2O-DX,combination,,5,10.0,3192.26,3132.576920426281,0.02,GVPT2_overtone_combination
HDO-D2O-DX,combination,,5,11.0,4126.39,2423.4258031838967,0.1,GVPT2_overtone_combination
HDO-D2O-DX,overtone,,6,6.0,2331.24,4289.562636193614,0.02,GVPT2_overtone_combination
HDO-D2O-DX,combination,,6,7.0,2567.65,3894.6118045683793,0.0,GVPT2_overtone_combination
HDO-D2O-DX,combination,,6,8.0,3836.02,2606.8685773275424,0.0,GVPT2_overtone_combination
HDO-D2O-DX,combination,,6,9.0,3858.79,2591.4859321186177,0.01,GVPT2_overtone_combination
HDO-D2O-DX,combination,,6,10.0,3963.66,2522.9207348763516,1.53,GVPT2_overtone_combination
HDO-D2O-DX,combination,,6,11.0,4909.83,2036.7303959607564,0.0,GVPT2_overtone_combination
HDO-D2O-DX,overtone,,7,7.0,2759.9,3623.319685495851,3.74,GVPT2_overtone_combination
HDO-D2O-DX,combination,,7,8.0,4038.71,2476.0381408915223,1.65,GVPT2_overtone_combination
HDO-D2O-DX,combination,,7,9.0,4082.02,2449.7675170626308,0.02,GVPT2_overtone_combination
HDO-D2O-DX,combination,,7,10.0,4190.93,2386.105232012942,0.0,GVPT2_overtone_combination
HDO-D2O-DX,combination,,7,11.0,5108.76,1957.4221533209623,1.25,GVPT2_overtone_combination
HDO-D2O-DX,overtone,,8,8.0,5227.78,1912.8578478818927,0.09,GVPT2_overtone_combination
HDO-D2O-DX,combination,,8,9.0,5345.29,1870.8058870519653,0.04,GVPT2_overtone_combination
HDO-D2O-DX,combination,,8,10.0,5457.15,1832.45833447862,0.0,GVPT2_overtone_combination
HDO-D2O-DX,combination,,8,11.0,6387.13,1565.6484211218497,0.21,GVPT2_overtone_combination
HDO-D2O-DX,overtone,,9,9.0,5341.3,1872.2033961769605,0.25,GVPT2_overtone_combination
HDO-D2O-DX,combination,,9,10.0,5411.64,1847.868668278008,1.23,GVPT2_overtone_combination
HDO-D2O-DX,combination,,9,11.0,6424.51,1556.538942269527,0.0,GVPT2_overtone_combination
HDO-D2O-DX,overtone,,10,10.0,5547.15,1802.7275267479697,0.01,GVPT2_overtone_combination
HDO-D2O-DX,combination,,10,11.0,6533.35,1530.6083402848462,0.0,GVPT2_overtone_combination
HDO-D2O-DX,overtone,,11,11.0,7313.43,1367.3474689714676,1.44,GVPT2_overtone_combination
HDO-D2O-HX,overtone,,0,0.0,152.42,65608.18790185015,5.29,GVPT2_overtone_combination
HDO-D2O-HX,combination,,0,1.0,164.39,60830.95078776082,0.37,GVPT2_overtone_combination
HDO-D2O-HX,combination,,0,2.0,164.06,60953.30976472022,0.03,GVPT2_overtone_combination
HDO-D2O-HX,combination,,0,3.0,201.15,49714.143673875216,0.05,GVPT2_overtone_combination
HDO-D2O-HX,combination,,0,4.0,318.83,31364.67710064925,1.14,GVPT2_overtone_combination
HDO-D2O-HX,combination,,0,5.0,522.61,19134.72761715237,0.61,GVPT2_overtone_combination
HDO-D2O-HX,combination,,0,6.0,1257.2,7954.183900731785,0.28,GVPT2_overtone_combination
HDO-D2O-HX,combination,,0,7.0,1513.03,6609.254277839831,0.08,GVPT2_overtone_combination
HDO-D2O-HX,combination,,0,8.0,2768.53,3612.025154143173,0.24,GVPT2_overtone_combination
HDO-D2O-HX,combination,,0,9.0,2828.08,3535.967865124042,0.05,GVPT2_overtone_combination
HDO-D2O-HX,combination,,0,10.0,2876.89,3475.9757933045757,0.24,GVPT2_overtone_combination
HDO-D2O-HX,combination,,0,11.0,3708.97,2696.1663211080167,0.32,GVPT2_overtone_combination
HDO-D2O-HX,overtone,,1,1.0,159.19,62818.01620704818,0.72,GVPT2_overtone_combination
HDO-D2O-HX,combination,,1,2.0,159.76,62593.89083625439,0.1,GVPT2_overtone_combination
HDO-D2O-HX,combination,,1,3.0,204.71,48849.59210590591,0.0,GVPT2_overtone_combination
HDO-D2O-HX,combination,,1,4.0,289.94,34489.89446092295,0.12,GVPT2_overtone_combination
HDO-D2O-HX,combination,,1,5.0,552.26,18107.413174953825,0.04,GVPT2_overtone_combination
HDO-D2O-HX,combination,,1,6.0,1259.56,7939.280383626028,0.02,GVPT2_overtone_combination
HDO-D2O-HX,combination,,1,7.0,1507.62,6632.971173107282,0.05,GVPT2_overtone_combination
HDO-D2O-HX,combination,,1,8.0,2769.97,3610.147402318437,0.03,GVPT2_overtone_combination
HDO-D2O-HX,combination,,1,9.0,2831.19,3532.083682126597,0.05,GVPT2_overtone_combination
HDO-D2O-HX,combination,,1,10.0,2879.25,3473.126682295737,0.18,GVPT2_overtone_combination
HDO-D2O-HX,combination,,1,11.0,3718.54,2689.2274925105016,0.09,GVPT2_overtone_combination
HDO-D2O-HX,overtone,,2,2.0,151.33,66080.75067732768,1.76,GVPT2_overtone_combination
HDO-D2O-HX,combination,,2,3.0,200.86,49785.920541670814,1.06,GVPT2_overtone_combination
HDO-D2O-HX,combination,,2,4.0,262.02,38165.02557056714,0.53,GVPT2_overtone_combination
HDO-D2O-HX,combination,,2,5.0,538.48,18570.791858564848,1.31,GVPT2_overtone_combination
HDO-D2O-HX,combination,,2,6.0,1259.25,7941.234862021044,0.53,GVPT2_overtone_combination
HDO-D2O-HX,combination,,2,7.0,1502.4,6656.01703940362,0.06,GVPT2_overtone_combination
HDO-D2O-HX,combination,,2,8.0,2769.0,3611.4120621162874,0.1,GVPT2_overtone_combination
HDO-D2O-HX,combination,,2,9.0,2828.13,3535.9053508855673,0.05,GVPT2_overtone_combination
HDO-D2O-HX,combination,,2,10.0,2875.52,3477.6318718005787,0.05,GVPT2_overtone_combination
HDO-D2O-HX,combination,,2,11.0,3717.24,2690.1679740883023,1.06,GVPT2_overtone_combination
HDO-D2O-HX,overtone,,3,3.0,239.88,41687.5104218776,0.49,GVPT2_overtone_combination
HDO-D2O-HX,combination,,3,4.0,300.26,33304.469459801505,0.19,GVPT2_overtone_combination
HDO-D2O-HX,combination,,3,5.0,576.75,17338.534893801472,2.72,GVPT2_overtone_combination
HDO-D2O-HX,combination,,3,6.0,1301.6,7682.851874615858,0.03,GVPT2_overtone_combination
HDO-D2O-HX,combination,,3,7.0,1549.05,6455.569542622898,0.04,GVPT2_overtone_combination
HDO-D2O-HX,combination,,3,8.0,2813.6,3554.1654819448395,0.12,GVPT2_overtone_combination
HDO-D2O-HX,combination,,3,9.0,2872.22,3481.627451936133,0.0,GVPT2_overtone_combination
HDO-D2O-HX,combination,,3,10.0,2921.35,3423.0749482259916,0.02,GVPT2_overtone_combination
HDO-D2O-HX,combination,,3,11.0,3760.46,2659.249134414407,0.17,GVPT2_overtone_combination
HDO-D2O-HX,overtone,,4,4.0,393.2,25432.3499491353,0.75,GVPT2_overtone_combination
HDO-D2O-HX,combination,,4,5.0,660.28,15145.089961834374,0.02,GVPT2_overtone_combination
HDO-D2O-HX,combination,,4,6.0,1392.26,7182.566474652723,0.17,GVPT2_overtone_combination
HDO-D2O-HX,combination,,4,7.0,1627.01,6146.243723148597,0.28,GVPT2_overtone_combination
HDO-D2O-HX,combination,,4,8.0,2904.71,3442.684467640487,0.3,GVPT2_overtone_combination
HDO-D2O-HX,combination,,4,9.0,2959.69,3378.7322320918743,0.28,GVPT2_overtone_combination
HDO-D2O-HX,combination,,4,10.0,3012.73,3319.248654874483,0.02,GVPT2_overtone_combination
HDO-D2O-HX,combination,,4,11.0,3868.1,2585.248571650164,1.15,GVPT2_overtone_combination
HDO-D2O-HX,overtone,,5,5.0,862.3,11596.892032935173,1.1,GVPT2_overtone_combination
HDO-D2O-HX,combination,,5,6.0,1656.28,6037.626488274929,0.0,GVPT2_overtone_combination
HDO-D2O-HX,combination,,5,7.0,1904.22,5251.494050057241,0.06,GVPT2_overtone_combination
HDO-D2O-HX,combination,,5,8.0,3162.82,3161.7354133336703,0.04,GVPT2_overtone_combination
HDO-D2O-HX,combination,,5,9.0,3220.57,3105.0404121009633,0.07,GVPT2_overtone_combination
HDO-D2O-HX,combination,,5,10.0,3270.34,3057.7860405951674,0.03,GVPT2_overtone_combination
HDO-D2O-HX,combination,,5,11.0,4148.74,2410.3703775122085,0.03,GVPT2_overtone_combination
HDO-D2O-HX,overtone,,6,6.0,2332.29,4287.631469499934,0.02,GVPT2_overtone_combination
HDO-D2O-HX,combination,,6,7.0,2602.02,3843.168000245963,0.0,GVPT2_overtone_combination
HDO-D2O-HX,combination,,6,8.0,3856.98,2592.70206223522,0.01,GVPT2_overtone_combination
HDO-D2O-HX,combination,,6,9.0,3923.83,2548.530389950635,0.0,GVPT2_overtone_combination
HDO-D2O-HX,combination,,6,10.0,3962.51,2523.6529371534707,1.53,GVPT2_overtone_combination
HDO-D2O-HX,combination,,6,11.0,4799.47,2083.5633934580273,0.02,GVPT2_overtone_combination
HDO-D2O-HX,overtone,,7,7.0,2822.61,3542.8202975260483,0.07,GVPT2_overtone_combination
HDO-D2O-HX,combination,,7,8.0,4114.45,2430.4585059971564,0.0,GVPT2_overtone_combination
HDO-D2O-HX,combination,,7,9.0,4164.14,2401.4562430657948,0.75,GVPT2_overtone_combination
HDO-D2O-HX,combination,,7,10.0,4222.2,2368.433518071148,0.0,GVPT2_overtone_combination
HDO-D2O-HX,combination,,7,11.0,5038.9,1984.5601222489038,4.22,GVPT2_overtone_combination
HDO-D2O-HX,overtone,,8,8.0,5335.6,1874.2034635280004,0.21,GVPT2_overtone_combination
HDO-D2O-HX,combination,,8,9.0,5435.92,1839.6150053716758,0.0,GVPT2_overtone_combination
HDO-D2O-HX,combination,,8,10.0,5405.42,1849.9950050134864,1.21,GVPT2_overtone_combination
HDO-D2O-HX,combination,,8,11.0,6310.14,1584.750893007128,0.08,GVPT2_overtone_combination
HDO-D2O-HX,overtone,,9,9.0,5414.27,1846.9710598104637,0.75,GVPT2_overtone_combination
HDO-D2O-HX,combination,,9,10.0,5543.63,1803.872192047449,0.0,GVPT2_overtone_combination
HDO-D2O-HX,combination,,9,11.0,6364.8,1571.14127702363,0.11,GVPT2_overtone_combination
HDO-D2O-HX,overtone,,10,10.0,5541.02,1804.7218743119497,0.01,GVPT2_overtone_combination
HDO-D2O-HX,combination,,10,11.0,6417.94,1558.1323602277366,0.02,GVPT2_overtone_combination
HDO-D2O-HX,overtone,,11,11.0,7061.75,1416.0795836726024,0.14,GVPT2_overtone_combination
HDO-H2O-DX,overtone,,0,0.0,178.52,56016.1326462021,0.31,GVPT2_overtone_combination
HDO-H2O-DX,combination,,0,1.0,189.32,52820.621170504965,1.59,GVPT2_overtone_combination
HDO-H2O-DX,combination,,0,2.0,175.46,56993.04684828451,0.01,GVPT2_overtone_combination
HDO-H2O-DX,combination,,0,3.0,211.72,47232.193463064425,0.02,GVPT2_overtone_combination
HDO-H2O-DX,combination,,0,4.0,331.73,30144.997437675218,2.02,GVPT2_overtone_combination
HDO-H2O-DX,combination,,0,5.0,493.41,20267.12065016923,0.65,GVPT2_overtone_combination
HDO-H2O-DX,combination,,0,6.0,1490.28,6710.148428483239,0.0,GVPT2_overtone_combination
HDO-H2O-DX,combination,,0,7.0,1684.81,5935.387373056903,0.82,GVPT2_overtone_combination
HDO-H2O-DX,combination,,0,8.0,2769.48,3610.786140358479,0.05,GVPT2_overtone_combination
HDO-H2O-DX,combination,,0,9.0,3779.56,2645.8106234588154,1.21,GVPT2_overtone_combination
HDO-H2O-DX,combination,,0,10.0,3837.9,2605.5915995726828,0.44,GVPT2_overtone_combination
HDO-H2O-DX,combination,,0,11.0,3863.49,2588.333346275,1.02,GVPT2_overtone_combination
HDO-H2O-DX,overtone,,1,1.0,236.51,42281.510295547756,0.35,GVPT2_overtone_combination
HDO-H2O-DX,combination,,1,2.0,206.86,48341.873731025815,0.01,GVPT2_overtone_combination
HDO-H2O-DX,combination,,1,3.0,232.27,43053.3430920911,0.04,GVPT2_overtone_combination
HDO-H2O-DX,combination,,1,4.0,288.6,34650.03465003465,0.39,GVPT2_overtone_combination
HDO-H2O-DX,combination,,1,5.0,561.33,17814.832629647444,0.18,GVPT2_overtone_combination
HDO-H2O-DX,combination,,1,6.0,1512.5,6611.570247933884,1.21,GVPT2_overtone_combination
HDO-H2O-DX,combination,,1,7.0,1707.34,5857.064205137817,0.0,GVPT2_overtone_combination
HDO-H2O-DX,combination,,1,8.0,2788.6,3586.028831671807,0.04,GVPT2_overtone_combination
HDO-H2O-DX,combination,,1,9.0,3800.59,2631.170423539503,0.04,GVPT2_overtone_combination
HDO-H2O-DX,combination,,1,10.0,3856.66,2592.917187410869,0.03,GVPT2_overtone_combination
HDO-H2O-DX,combination,,1,11.0,3883.93,2574.711696657767,0.07,GVPT2_overtone_combination
HDO-H2O-DX,overtone,,2,2.0,160.48,62313.06081754736,0.95,GVPT2_overtone_combination
HDO-H2O-DX,combination,,2,3.0,197.36,50668.82853668423,1.62,GVPT2_overtone_combination
HDO-H2O-DX,combination,,2,4.0,227.9,43878.894251864855,3.75,GVPT2_overtone_combination
HDO-H2O-DX,combination,,2,5.0,494.4,20226.53721682848,1.12,GVPT2_overtone_combination
HDO-H2O-DX,combination,,2,6.0,1477.9,6766.357669666419,0.04,GVPT2_overtone_combination
HDO-H2O-DX,combination,,2,7.0,1678.58,5957.416387660999,0.07,GVPT2_overtone_combination
HDO-H2O-DX,combination,,2,8.0,2762.03,3620.525483068612,0.35,GVPT2_overtone_combination
HDO-H2O-DX,combination,,2,9.0,3770.5,2652.168147460549,0.38,GVPT2_overtone_combination
HDO-H2O-DX,combination,,2,10.0,3827.62,2612.5895465067065,0.08,GVPT2_overtone_combination
HDO-H2O-DX,combination,,2,11.0,3853.37,2595.1310151893017,0.07,GVPT2_overtone_combination
HDO-H2O-DX,overtone,,3,3.0,225.8,44286.97962798937,0.16,GVPT2_overtone_combination
HDO-H2O-DX,combination,,3,4.0,247.62,40384.460059769,0.52,GVPT2_overtone_combination
HDO-H2O-DX,combination,,3,5.0,520.66,19206.391887220067,1.03,GVPT2_overtone_combination
HDO-H2O-DX,combination,,3,6.0,1509.9,6622.955162593549,0.13,GVPT2_overtone_combination
HDO-H2O-DX,combination,,3,7.0,1707.86,5855.2808778237095,0.12,GVPT2_overtone_combination
HDO-H2O-DX,combination,,3,8.0,2792.31,3581.2642579083267,0.55,GVPT2_overtone_combination
HDO-H2O-DX,combination,,3,9.0,3801.97,2630.215388338151,0.46,GVPT2_overtone_combination
HDO-H2O-DX,combination,,3,10.0,3857.41,2592.413043985472,0.06,GVPT2_overtone_combination
HDO-H2O-DX,combination,,3,11.0,3885.8,2573.472643985794,0.06,GVPT2_overtone_combination
HDO-H2O-DX,overtone,,4,4.0,342.56,29191.96637085474,2.25,GVPT2_overtone_combination
HDO-H2O-DX,combination,,4,5.0,631.64,15831.80292571718,0.03,GVPT2_overtone_combination
HDO-H2O-DX,combination,,4,6.0,1594.02,6273.447008193122,0.14,GVPT2_overtone_combination
HDO-H2O-DX,combination,,4,7.0,1795.05,5570.875463079023,0.43,GVPT2_overtone_combination
HDO-H2O-DX,combination,,4,8.0,2891.04,3458.962864574686,0.39,GVPT2_overtone_combination
HDO-H2O-DX,combination,,4,9.0,3889.91,2570.753564992506,0.8,GVPT2_overtone_combination
HDO-H2O-DX,combination,,4,10.0,3940.84,2537.5300697313264,0.53,GVPT2_overtone_combination
HDO-H2O-DX,combination,,4,11.0,3973.99,2516.3626481193965,0.06,GVPT2_overtone_combination
HDO-H2O-DX,overtone,,5,5.0,793.1,12608.750472828142,0.84,GVPT2_overtone_combination
HDO-H2O-DX,combination,,5,6.0,1821.5,5489.980785067252,0.06,GVPT2_overtone_combination
HDO-H2O-DX,combination,,5,7.0,2012.61,4968.672519762895,0.0,GVPT2_overtone_combination
HDO-H2O-DX,combination,,5,8.0,3115.36,3209.901905397771,0.0,GVPT2_overtone_combination
HDO-H2O-DX,combination,,5,9.0,4105.64,2435.673853528317,0.03,GVPT2_overtone_combination
HDO-H2O-DX,combination,,5,10.0,4160.78,2403.3955171866814,0.08,GVPT2_overtone_combination
HDO-H2O-DX,combination,,5,11.0,4189.65,2386.8342224290814,0.06,GVPT2_overtone_combination
HDO-H2O-DX,overtone,,6,6.0,2756.39,3627.9336378378966,3.84,GVPT2_overtone_combination
HDO-H2O-DX,combination,,6,7.0,2979.69,3356.05381767902,0.0,GVPT2_overtone_combination
HDO-H2O-DX,combination,,6,8.0,4040.3,2475.0637328911216,1.69,GVPT2_overtone_combination
HDO-H2O-DX,combination,,6,9.0,5074.13,1970.781197959059,0.0,GVPT2_overtone_combination
HDO-H2O-DX,combination,,6,10.0,5112.81,1955.8716244100601,1.24,GVPT2_overtone_combination
HDO-H2O-DX,combination,,6,11.0,5157.92,1938.7660142072773,0.0,GVPT2_overtone_combination
HDO-H2O-DX,overtone,,7,7.0,3141.78,3182.9090515567605,0.04,GVPT2_overtone_combination
HDO-H2O-DX,combination,,7,8.0,4253.27,2351.132187704989,0.01,GVPT2_overtone_combination
HDO-H2O-DX,combination,,7,9.0,5258.75,1901.5925837889233,0.04,GVPT2_overtone_combination
HDO-H2O-DX,combination,,7,10.0,5329.39,1876.3873538997896,0.0,GVPT2_overtone_combination
HDO-H2O-DX,combination,,7,11.0,5338.89,1873.0485175757506,3.79,GVPT2_overtone_combination
HDO-H2O-DX,overtone,,8,8.0,5232.07,1911.2894131768116,0.12,GVPT2_overtone_combination
HDO-H2O-DX,combination,,8,9.0,6346.75,1575.6095639500531,0.07,GVPT2_overtone_combination
HDO-H2O-DX,combination,,8,10.0,6396.52,1563.3500716014332,0.21,GVPT2_overtone_combination
HDO-H2O-DX,combination,,8,11.0,6430.51,1555.0866105487744,0.02,GVPT2_overtone_combination
HDO-H2O-DX,overtone,,9,9.0,7289.18,1371.8964273073238,0.46,GVPT2_overtone_combination
HDO-H2O-DX,combination,,9,10.0,7424.15,1346.9555437322792,0.0,GVPT2_overtone_combination
HDO-H2O-DX,combination,,9,11.0,7298.13,1370.214013726804,2.51,GVPT2_overtone_combination
HDO-H2O-DX,overtone,,10,10.0,7325.36,1365.120622058165,1.45,GVPT2_overtone_combination
HDO-H2O-DX,combination,,10,11.0,7508.04,1331.9055306045252,0.0,GVPT2_overtone_combination
HDO-H2O-DX,overtone,,11,11.0,7446.12,1342.9813110720752,0.01,GVPT2_overtone_combination
HDO-H2O-HX,overtone,,0,0.0,174.16,57418.4657785944,1.9,GVPT2_overtone_combination
HDO-H2O-HX,combination,,0,1.0,217.39,46000.27600165601,0.01,GVPT2_overtone_combination
HDO-H2O-HX,combination,,0,2.0,210.41,47526.258257687376,0.03,GVPT2_overtone_combination
HDO-H2O-HX,combination,,0,3.0,227.06,44041.22258433894,0.15,GVPT2_overtone_combination
HDO-H2O-HX,combination,,0,4.0,383.51,26074.939375765953,0.96,GVPT2_overtone_combination
HDO-H2O-HX,combination,,0,5.0,539.35,18540.836191712246,0.31,GVPT2_overtone_combination
HDO-H2O-HX,combination,,0,6.0,1530.6,6533.385600418137,0.14,GVPT2_overtone_combination
HDO-H2O-HX,combination,,0,7.0,1688.77,5921.469471864138,0.23,GVPT2_overtone_combination
HDO-H2O-HX,combination,,0,8.0,2833.2,3529.5778624876466,0.29,GVPT2_overtone_combination
HDO-H2O-HX,combination,,0,9.0,3727.05,2683.087160086395,0.13,GVPT2_overtone_combination
HDO-H2O-HX,combination,,0,10.0,3778.41,2646.615904573617,0.31,GVPT2_overtone_combination
HDO-H2O-HX,combination,,0,11.0,3867.31,2585.7766768115307,0.43,GVPT2_overtone_combination
HDO-H2O-HX,overtone,,1,1.0,235.36,42488.1033310673,1.06,GVPT2_overtone_combination
HDO-H2O-HX,combination,,1,2.0,223.63,44716.71958145151,0.43,GVPT2_overtone_combination
HDO-H2O-HX,combination,,1,3.0,252.31,39633.78383734295,0.05,GVPT2_overtone_combination
HDO-H2O-HX,combination,,1,4.0,379.31,26363.6603306003,0.24,GVPT2_overtone_combination
HDO-H2O-HX,combination,,1,5.0,594.17,16830.20011107932,0.39,GVPT2_overtone_combination
HDO-H2O-HX,combination,,1,6.0,1544.96,6472.659486329743,0.06,GVPT2_overtone_combination
HDO-H2O-HX,combination,,1,7.0,1716.83,5824.688524781138,0.0,GVPT2_overtone_combination
HDO-H2O-HX,combination,,1,8.0,2869.18,3485.316362166194,0.0,GVPT2_overtone_combination
HDO-H2O-HX,combination,,1,9.0,3770.48,2652.1822155269356,0.31,GVPT2_overtone_combination
HDO-H2O-HX,combination,,1,10.0,3806.29,2627.2301900275597,0.1,GVPT2_overtone_combination
HDO-H2O-HX,combination,,1,11.0,3894.99,2567.400686522944,0.8,GVPT2_overtone_combination
HDO-H2O-HX,overtone,,2,2.0,203.25,49200.49200492005,1.59,GVPT2_overtone_combination
HDO-H2O-HX,combination,,2,3.0,237.99,42018.57220891634,1.28,GVPT2_overtone_combination
HDO-H2O-HX,combination,,2,4.0,346.46,28863.360849737346,6.29,GVPT2_overtone_combination
HDO-H2O-HX,combination,,2,5.0,573.05,17450.484250937963,1.87,GVPT2_overtone_combination
HDO-H2O-HX,combination,,2,6.0,1530.41,6534.1967185264075,0.1,GVPT2_overtone_combination
HDO-H2O-HX,combination,,2,7.0,1705.98,5861.733431810455,0.24,GVPT2_overtone_combination
HDO-H2O-HX,combination,,2,8.0,2857.1,3500.052500787512,0.14,GVPT2_overtone_combination
HDO-H2O-HX,combination,,2,9.0,3755.53,2662.740012727897,0.69,GVPT2_overtone_combination
HDO-H2O-HX,combination,,2,10.0,3795.02,2635.0322264441293,0.29,GVPT2_overtone_combination
HDO-H2O-HX,combination,,2,11.0,3886.59,2572.9495521781305,0.08,GVPT2_overtone_combination
HDO-H2O-HX,overtone,,3,3.0,257.31,38863.62753099374,0.35,GVPT2_overtone_combination
HDO-H2O-HX,combination,,3,4.0,356.43,28055.999775552,0.46,GVPT2_overtone_combination
HDO-H2O-HX,combination,,3,5.0,591.72,16899.88508078145,2.99,GVPT2_overtone_combination
HDO-H2O-HX,combination,,3,6.0,1557.43,6420.834323211958,0.05,GVPT2_overtone_combination
HDO-H2O-HX,combination,,3,7.0,1723.52,5802.079465280356,0.14,GVPT2_overtone_combination
HDO-H2O-HX,combination,,3,8.0,2879.0,3473.428273706148,0.01,GVPT2_overtone_combination
HDO-H2O-HX,combination,,3,9.0,3775.86,2648.4032776638965,0.17,GVPT2_overtone_combination
HDO-H2O-HX,combination,,3,10.0,3818.57,2618.7813762743644,0.58,GVPT2_overtone_combination
HDO-H2O-HX,combination,,3,11.0,3907.23,2559.3579082879687,0.04,GVPT2_overtone_combination
HDO-H2O-HX,overtone,,4,4.0,441.91,22629.04211264737,2.85,GVPT2_overtone_combination
HDO-H2O-HX,combination,,4,5.0,697.31,14340.824023748406,0.06,GVPT2_overtone_combination
HDO-H2O-HX,combination,,4,6.0,1664.39,6008.207211050294,0.29,GVPT2_overtone_combination
HDO-H2O-HX,combination,,4,7.0,1844.94,5420.230468199507,0.41,GVPT2_overtone_combination
HDO-H2O-HX,combination,,4,8.0,2994.56,3339.388758281684,0.5,GVPT2_overtone_combination
HDO-H2O-HX,combination,,4,9.0,3912.19,2556.1130722178627,1.18,GVPT2_overtone_combination
HDO-H2O-HX,combination,,4,10.0,3938.21,2539.224673138304,0.88,GVPT2_overtone_combination
HDO-H2O-HX,combination,,4,11.0,4028.57,2482.270383783824,0.06,GVPT2_overtone_combination
HDO-H2O-HX,overtone,,5,5.0,874.68,11432.752549503819,1.3,GVPT2_overtone_combination
HDO-H2O-HX,combination,,5,6.0,1910.98,5232.917141989974,0.06,GVPT2_overtone_combination
HDO-H2O-HX,combination,,5,7.0,2075.48,4818.162545531636,0.0,GVPT2_overtone_combination
HDO-H2O-HX,combination,,5,8.0,3226.62,3099.218377125289,0.07,GVPT2_overtone_combination
HDO-H2O-HX,combination,,5,9.0,4164.95,2400.989207553512,0.02,GVPT2_overtone_combination
HDO-H2O-HX,combination,,5,10.0,4167.09,2399.756184771627,0.07,GVPT2_overtone_combination
HDO-H2O-HX,combination,,5,11.0,4255.07,2350.1376005565126,0.04,GVPT2_overtone_combination
HDO-H2O-HX,overtone,,6,6.0,2823.0,3542.3308537017356,0.08,GVPT2_overtone_combination
HDO-H2O-HX,combination,,6,7.0,3016.12,3315.5179502141827,0.0,GVPT2_overtone_combination
HDO-H2O-HX,combination,,6,8.0,4162.43,2402.4428038429473,0.75,GVPT2_overtone_combination
HDO-H2O-HX,combination,,6,9.0,5045.17,1982.0937649276436,4.23,GVPT2_overtone_combination
HDO-H2O-HX,combination,,6,10.0,5110.88,1956.6102119400182,0.02,GVPT2_overtone_combination
HDO-H2O-HX,combination,,6,11.0,5198.87,1923.4949133177017,0.01,GVPT2_overtone_combination
HDO-H2O-HX,overtone,,7,7.0,3146.07,3178.5688176041854,0.05,GVPT2_overtone_combination
HDO-H2O-HX,combination,,7,8.0,4337.01,2305.735979395943,0.0,GVPT2_overtone_combination
HDO-H2O-HX,combination,,7,9.0,5220.02,1915.7014724081516,0.01,GVPT2_overtone_combination
HDO-H2O-HX,combination,,7,10.0,5261.95,1900.4361500964471,0.03,GVPT2_overtone_combination
HDO-H2O-HX,combination,,7,11.0,5343.86,1871.3065087782988,3.79,GVPT2_overtone_combination
HDO-H2O-HX,overtone,,8,8.0,5410.66,1848.203361512274,0.75,GVPT2_overtone_combination
HDO-H2O-HX,combination,,8,9.0,6368.71,1570.1766919831489,0.1,GVPT2_overtone_combination
HDO-H2O-HX,combination,,8,10.0,6430.44,1555.1035387936129,0.0,GVPT2_overtone_combination
HDO-H2O-HX,combination,,8,11.0,6518.25,1534.1541057799257,0.0,GVPT2_overtone_combination
HDO-H2O-HX,overtone,,9,9.0,7075.59,1413.3097027951026,0.11,GVPT2_overtone_combination
HDO-H2O-HX,combination,,9,10.0,7307.92,1368.3784168409068,0.09,GVPT2_overtone_combination
HDO-H2O-HX,combination,,9,11.0,7398.15,1351.689273669769,0.0,GVPT2_overtone_combination
HDO-H2O-HX,overtone,,10,10.0,7292.04,1371.3583578806479,0.51,GVPT2_overtone_combination
HDO-H2O-HX,combination,,10,11.0,7304.93,1368.9385113888839,2.55,GVPT2_overtone_combination
HDO-H2O-HX,overtone,,11,11.0,7455.45,1341.300659249274,0.01,GVPT2_overtone_combination
HDO-HDO-DD,overtone,,0,0.0,193.72,51620.89613875697,0.19,GVPT2_overtone_combination
HDO-HDO-DD,combination,,0,1.0,191.06,52339.57918978331,1.2,GVPT2_overtone_combination
HDO-HDO-DD,combination,,0,2.0,208.47,47968.53264258646,0.61,GVPT2_overtone_combination
HDO-HDO-DD,combination,,0,3.0,235.1,42535.09145044662,0.47,GVPT2_overtone_combination
HDO-HDO-DD,combination,,0,4.0,351.24,28470.561439471585,0.63,GVPT2_overtone_combination
HDO-HDO-DD,combination,,0,5.0,493.36,20269.17463920869,0.61,GVPT2_overtone_combination
HDO-HDO-DD,combination,,0,6.0,1488.05,6720.2042942105445,0.27,GVPT2_overtone_combination
HDO-HDO-DD,combination,,0,7.0,1498.4,6673.785371062466,0.42,GVPT2_overtone_combination
HDO-HDO-DD,combination,,0,8.0,2771.85,3607.69882930173,0.2,GVPT2_overtone_combination
HDO-HDO-DD,combination,,0,9.0,2846.94,3512.543292096075,0.98,GVPT2_overtone_combination
HDO-HDO-DD,combination,,0,10.0,3823.6,2615.336332252328,0.09,GVPT2_overtone_combination
HDO-HDO-DD,combination,,0,11.0,3828.57,2611.9412731124153,0.52,GVPT2_overtone_combination
HDO-HDO-DD,overtone,,1,1.0,211.2,47348.48484848485,1.76,GVPT2_overtone_combination
HDO-HDO-DD,combination,,1,2.0,221.28,45191.61243673174,0.06,GVPT2_overtone_combination
HDO-HDO-DD,combination,,1,3.0,244.32,40929.92796332679,0.18,GVPT2_overtone_combination
HDO-HDO-DD,combination,,1,4.0,350.26,28550.219836692744,0.24,GVPT2_overtone_combination
HDO-HDO-DD,combination,,1,5.0,514.92,19420.492503689897,0.3,GVPT2_overtone_combination
HDO-HDO-DD,combination,,1,6.0,1504.14,6648.317310888614,0.66,GVPT2_overtone_combination
HDO-HDO-DD,combination,,1,7.0,1506.83,6636.448703569746,0.06,GVPT2_overtone_combination
HDO-HDO-DD,combination,,1,8.0,2774.18,3604.6687669870016,0.07,GVPT2_overtone_combination
HDO-HDO-DD,combination,,1,9.0,2841.93,3518.73550720813,0.03,GVPT2_overtone_combination
HDO-HDO-DD,combination,,1,10.0,3828.95,2611.682053826767,0.03,GVPT2_overtone_combination
HDO-HDO-DD,combination,,1,11.0,3820.18,2617.677701050736,1.01,GVPT2_overtone_combination
HDO-HDO-DD,overtone,,2,2.0,210.3,47551.1174512601,1.18,GVPT2_overtone_combination
HDO-HDO-DD,combination,,2,3.0,248.62,40222.02558120827,1.6,GVPT2_overtone_combination
HDO-HDO-DD,combination,,2,4.0,341.85,29252.596167909902,2.42,GVPT2_overtone_combination
HDO-HDO-DD,combination,,2,5.0,526.85,18980.734554427254,1.17,GVPT2_overtone_combination
HDO-HDO-DD,combination,,2,6.0,1502.55,6655.352567302253,0.05,GVPT2_overtone_combination
HDO-HDO-DD,combination,,2,7.0,1517.66,6589.0911007735585,0.09,GVPT2_overtone_combination
HDO-HDO-DD,combination,,2,8.0,2788.68,3585.9259578008237,0.39,GVPT2_overtone_combination
HDO-HDO-DD,combination,,2,9.0,2854.3,3503.485968538696,0.2,GVPT2_overtone_combination
HDO-HDO-DD,combination,,2,10.0,3837.32,2605.9854273294904,0.51,GVPT2_overtone_combination
HDO-HDO-DD,combination,,2,11.0,3845.27,2600.597617332463,0.09,GVPT2_overtone_combination
HDO-HDO-DD,overtone,,3,3.0,271.18,36875.8758020503,0.35,GVPT2_overtone_combination
HDO-HDO-DD,combination,,3,4.0,362.77,27565.675221214544,0.49,GVPT2_overtone_combination
HDO-HDO-DD,combination,,3,5.0,531.61,18810.782340437538,1.04,GVPT2_overtone_combination
HDO-HDO-DD,combination,,3,6.0,1531.41,6529.929933851809,0.1,GVPT2_overtone_combination
HDO-HDO-DD,combination,,3,7.0,1541.08,6488.9557972331095,0.11,GVPT2_overtone_combination
HDO-HDO-DD,combination,,3,8.0,2814.0,3553.6602700781805,0.48,GVPT2_overtone_combination
HDO-HDO-DD,combination,,3,9.0,2881.28,3470.679697912039,0.13,GVPT2_overtone_combination
HDO-HDO-DD,combination,,3,10.0,3866.17,2586.5391330438133,0.22,GVPT2_overtone_combination
HDO-HDO-DD,combination,,3,11.0,3871.42,2583.031549147341,0.06,GVPT2_overtone_combination
HDO-HDO-DD,overtone,,4,4.0,444.44,22500.225002250023,1.69,GVPT2_overtone_combination
HDO-HDO-DD,combination,,4,5.0,665.62,15023.587031639674,0.05,GVPT2_overtone_combination
HDO-HDO-DD,combination,,4,6.0,1636.61,6110.191187882269,0.08,GVPT2_overtone_combination
HDO-HDO-DD,combination,,4,7.0,1648.35,6066.6727333394,0.36,GVPT2_overtone_combination
HDO-HDO-DD,combination,,4,8.0,2934.43,3407.816850291198,0.29,GVPT2_overtone_combination
HDO-HDO-DD,combination,,4,9.0,2989.7,3344.8172057397064,0.21,GVPT2_overtone_combination
HDO-HDO-DD,combination,,4,10.0,3975.75,2515.248695214739,0.46,GVPT2_overtone_combination
HDO-HDO-DD,combination,,4,11.0,3976.17,2514.983011289759,0.48,GVPT2_overtone_combination
HDO-HDO-DD,overtone,,5,5.0,771.81,12956.556665500577,0.68,GVPT2_overtone_combination
HDO-HDO-DD,combination,,5,6.0,1808.4,5529.750055297501,0.07,GVPT2_overtone_combination
HDO-HDO-DD,combination,,5,7.0,1811.13,5521.41480733023,0.08,GVPT2_overtone_combination
HDO-HDO-DD,combination,,5,8.0,3103.46,3222.210049428702,0.03,GVPT2_overtone_combination
HDO-HDO-DD,combination,,5,9.0,3149.16,3175.4499612595105,0.02,GVPT2_overtone_combination
HDO-HDO-DD,combination,,5,10.0,4135.57,2418.046363620976,0.09,GVPT2_overtone_combination
HDO-HDO-DD,combination,,5,11.0,4140.21,2415.3364201332784,0.09,GVPT2_overtone_combination
HDO-HDO-DD,overtone,,6,6.0,2755.4,3629.2371343543587,3.52,GVPT2_overtone_combination
HDO-HDO-DD,combination,,6,7.0,2786.42,3588.8344183576055,0.02,GVPT2_overtone_combination
HDO-HDO-DD,combination,,6,8.0,4039.2,2475.737769855417,1.65,GVPT2_overtone_combination
HDO-HDO-DD,combination,,6,9.0,4127.68,2422.66842390883,0.04,GVPT2_overtone_combination
HDO-HDO-DD,combination,,6,10.0,5113.65,1955.550340754647,0.05,GVPT2_overtone_combination
HDO-HDO-DD,combination,,6,11.0,5103.13,1959.5816685054074,1.12,GVPT2_overtone_combination
HDO-HDO-DD,overtone,,7,7.0,2779.15,3598.2224780958204,2.7,GVPT2_overtone_combination
HDO-HDO-DD,combination,,7,8.0,4062.97,2461.2537134165404,0.05,GVPT2_overtone_combination
HDO-HDO-DD,combination,,7,9.0,4119.11,2427.7088982814253,0.72,GVPT2_overtone_combination
HDO-HDO-DD,combination,,7,10.0,5103.65,1959.382010913758,1.41,GVPT2_overtone_combination
HDO-HDO-DD,combination,,7,11.0,5130.49,1949.1315644314677,0.04,GVPT2_overtone_combination
HDO-HDO-DD,overtone,,8,8.0,5231.17,1911.6182421905617,0.11,GVPT2_overtone_combination
HDO-HDO-DD,combination,,8,9.0,5401.33,1851.3958599085781,0.03,GVPT2_overtone_combination
HDO-HDO-DD,combination,,8,10.0,6387.37,1565.589593212856,0.04,GVPT2_overtone_combination
HDO-HDO-DD,combination,,8,11.0,6387.17,1565.63861616334,0.21,GVPT2_overtone_combination
HDO-HDO-DD,overtone,,9,9.0,5396.62,1853.0116999158734,0.68,GVPT2_overtone_combination
HDO-HDO-DD,combination,,9,10.0,6454.79,1549.23707820084,0.16,GVPT2_overtone_combination
HDO-HDO-DD,combination,,9,11.0,6470.55,1545.463677739914,0.0,GVPT2_overtone_combination
HDO-HDO-DD,overtone,,10,10.0,7294.22,1370.9485044322764,1.43,GVPT2_overtone_combination
HDO-HDO-DD,combination,,10,11.0,7456.33,1341.1423582379,0.0,GVPT2_overtone_combination
HDO-HDO-DD,overtone,,11,11.0,7307.52,1368.4533193203713,1.44,GVPT2_overtone_combination
HDO-HDO-DH,overtone,,0,0.0,187.11,53444.49788894233,0.22,GVPT2_overtone_combination
HDO-HDO-DH,combination,,0,1.0,200.65,49838.026414153996,1.25,GVPT2_overtone_combination
HDO-HDO-DH,combination,,0,2.0,202.85,49297.51047572098,0.68,GVPT2_overtone_combination
HDO-HDO-DH,combination,,0,3.0,238.5,41928.72117400419,0.51,GVPT2_overtone_combination
HDO-HDO-DH,combination,,0,4.0,350.45,28534.741047224998,0.65,GVPT2_overtone_combination
HDO-HDO-DH,combination,,0,5.0,487.4,20517.02913418137,0.61,GVPT2_overtone_combination
HDO-HDO-DH,combination,,0,6.0,1486.09,6729.067553109166,0.27,GVPT2_overtone_combination
HDO-HDO-DH,combination,,0,7.0,1495.27,6687.755388658905,0.42,GVPT2_overtone_combination
HDO-HDO-DH,combination,,0,8.0,2767.37,3613.539208707184,0.21,GVPT2_overtone_combination
HDO-HDO-DH,combination,,0,9.0,2828.81,3535.055376642475,0.96,GVPT2_overtone_combination
HDO-HDO-DH,combination,,0,10.0,3825.64,2613.941719555421,0.09,GVPT2_overtone_combination
HDO-HDO-DH,combination,,0,11.0,3825.27,2614.1945535870673,0.52,GVPT2_overtone_combination
HDO-HDO-DH,overtone,,1,1.0,241.42,41421.58893215144,2.03,GVPT2_overtone_combination
HDO-HDO-DH,combination,,1,2.0,233.09,42901.88339268094,0.08,GVPT2_overtone_combination
HDO-HDO-DH,combination,,1,3.0,263.44,37959.30762222897,0.17,GVPT2_overtone_combination
HDO-HDO-DH,combination,,1,4.0,364.51,27434.089599736635,0.27,GVPT2_overtone_combination
HDO-HDO-DH,combination,,1,5.0,522.98,19121.190102872002,0.3,GVPT2_overtone_combination
HDO-HDO-DH,combination,,1,6.0,1517.09,6591.566749500689,0.65,GVPT2_overtone_combination
HDO-HDO-DH,combination,,1,7.0,1517.79,6588.526739535772,0.06,GVPT2_overtone_combination
HDO-HDO-DH,combination,,1,8.0,2785.56,3589.942417323626,0.07,GVPT2_overtone_combination
HDO-HDO-DH,combination,,1,9.0,2849.47,3509.4245596549536,0.03,GVPT2_overtone_combination
HDO-HDO-DH,combination,,1,10.0,3848.03,2598.732338365345,0.03,GVPT2_overtone_combination
HDO-HDO-DH,combination,,1,11.0,3837.85,2605.6255455528485,1.05,GVPT2_overtone_combination
HDO-HDO-DH,overtone,,2,2.0,208.91,47867.502752381406,1.12,GVPT2_overtone_combination
HDO-HDO-DH,combination,,2,3.0,264.2,37850.113550340655,1.67,GVPT2_overtone_combination
HDO-HDO-DH,combination,,2,4.0,345.93,28907.582458878962,2.33,GVPT2_overtone_combination
HDO-HDO-DH,combination,,2,5.0,524.04,19082.51278528357,1.16,GVPT2_overtone_combination
HDO-HDO-DH,combination,,2,6.0,1506.12,6639.577191724431,0.04,GVPT2_overtone_combination
HDO-HDO-DH,combination,,2,7.0,1514.64,6602.228912480853,0.09,GVPT2_overtone_combination
HDO-HDO-DH,combination,,2,8.0,2790.93,3583.035045665782,0.39,GVPT2_overtone_combination
HDO-HDO-DH,combination,,2,9.0,2849.54,3509.338349347614,0.19,GVPT2_overtone_combination
HDO-HDO-DH,combination,,2,10.0,3850.26,2597.2272002410227,0.5,GVPT2_overtone_combination
HDO-HDO-DH,combination,,2,11.0,3848.06,2598.7120782939974,0.09,GVPT2_overtone_combination
HDO-HDO-DH,overtone,,3,3.0,284.65,35130.86246267346,0.37,GVPT2_overtone_combination
HDO-HDO-DH,combination,,3,4.0,373.8,26752.273943285178,0.5,GVPT2_overtone_combination
HDO-HDO-DH,combination,,3,5.0,535.92,18659.50141812211,1.05,GVPT2_overtone_combination
HDO-HDO-DH,combination,,3,6.0,1540.14,6492.916228394821,0.11,GVPT2_overtone_combination
HDO-HDO-DH,combination,,3,7.0,1546.98,6464.20768206441,0.11,GVPT2_overtone_combination
HDO-HDO-DH,combination,,3,8.0,2820.93,3544.930218048658,0.48,GVPT2_overtone_combination
HDO-HDO-DH,combination,,3,9.0,2882.02,3469.788551085697,0.13,GVPT2_overtone_combination
HDO-HDO-DH,combination,,3,10.0,3880.25,2577.1535339217835,0.22,GVPT2_overtone_combination
HDO-HDO-DH,combination,,3,11.0,3880.15,2577.2199528368747,0.06,GVPT2_overtone_combination
HDO-HDO-DH,overtone,,4,4.0,451.05,22170.49107637734,1.72,GVPT2_overtone_combination
HDO-HDO-DH,combination,,4,5.0,665.59,15024.264186661458,0.05,GVPT2_overtone_combination
HDO-HDO-DH,combination,,4,6.0,1642.18,6089.466440950444,0.08,GVPT2_overtone_combination
HDO-HDO-DH,combination,,4,7.0,1650.24,6059.72464611208,0.36,GVPT2_overtone_combination
HDO-HDO-DH,combination,,4,8.0,2937.21,3404.591432005202,0.29,GVPT2_overtone_combination
HDO-HDO-DH,combination,,4,9.0,2986.44,3348.4684105490146,0.21,GVPT2_overtone_combination
HDO-HDO-DH,combination,,4,10.0,3986.28,2508.6045134812407,0.46,GVPT2_overtone_combination
HDO-HDO-DH,combination,,4,11.0,3980.93,2511.9758448402763,0.47,GVPT2_overtone_combination
HDO-HDO-DH,overtone,,5,5.0,766.97,13038.319621367198,0.67,GVPT2_overtone_combination
HDO-HDO-DH,combination,,5,6.0,1807.82,5531.5241561659905,0.07,GVPT2_overtone_combination
HDO-HDO-DH,combination,,5,7.0,1808.01,5530.942859829315,0.08,GVPT2_overtone_combination
HDO-HDO-DH,combination,,5,8.0,3100.84,3224.932598908683,0.03,GVPT2_overtone_combination
HDO-HDO-DH,combination,,5,9.0,3142.12,3182.5646378877955,0.02,GVPT2_overtone_combination
HDO-HDO-DH,combination,,5,10.0,4139.46,2415.7740381595668,0.09,GVPT2_overtone_combination
HDO-HDO-DH,combination,,5,11.0,4139.82,2415.5639617181423,0.09,GVPT2_overtone_combination
HDO-HDO-DH,overtone,,6,6.0,2759.01,3624.488494061275,3.53,GVPT2_overtone_combination
HDO-HDO-DH,combination,,6,7.0,2787.43,3587.5340367291737,0.02,GVPT2_overtone_combination
HDO-HDO-DH,combination,,6,8.0,4041.02,2474.6227437627135,1.65,GVPT2_overtone_combination
HDO-HDO-DH,combination,,6,9.0,4124.34,2424.63036510084,0.04,GVPT2_overtone_combination
HDO-HDO-DH,combination,,6,10.0,5121.3,1952.6292152383182,0.05,GVPT2_overtone_combination
HDO-HDO-DH,combination,,6,11.0,5106.94,1958.1197351055623,1.12,GVPT2_overtone_combination
HDO-HDO-DH,overtone,,7,7.0,2777.66,3600.1526464722106,2.7,GVPT2_overtone_combination
HDO-HDO-DH,combination,,7,8.0,4062.34,2461.635412102384,0.05,GVPT2_overtone_combination
HDO-HDO-DH,combination,,7,9.0,4113.5,2431.0198128114744,0.72,GVPT2_overtone_combination
HDO-HDO-DH,combination,,7,10.0,5109.06,1957.3072150258558,1.41,GVPT2_overtone_combination
HDO-HDO-DH,combination,,7,11.0,5131.62,1948.702359099076,0.04,GVPT2_overtone_combination
HDO-HDO-DH,overtone,,8,8.0,5231.38,1911.5415053007046,0.11,GVPT2_overtone_combination
HDO-HDO-DH,combination,,8,9.0,5396.34,1853.1078471704895,0.03,GVPT2_overtone_combination
HDO-HDO-DH,combination,,8,10.0,6393.38,1564.1178844367141,0.04,GVPT2_overtone_combination
HDO-HDO-DH,combination,,8,11.0,6389.07,1565.1730220517227,0.21,GVPT2_overtone_combination
HDO-HDO-DH,overtone,,9,9.0,5386.49,1856.4965311362316,0.67,GVPT2_overtone_combination
HDO-HDO-DH,combination,,9,10.0,6455.7,1549.0186966556687,0.16,GVPT2_overtone_combination
HDO-HDO-DH,combination,,9,11.0,6467.35,1546.2283624668526,0.0,GVPT2_overtone_combination
HDO-HDO-DH,overtone,,10,10.0,7306.14,1368.7117958319989,1.43,GVPT2_overtone_combination
HDO-HDO-DH,combination,,10,11.0,7464.15,1339.7372775198785,0.0,GVPT2_overtone_combination
HDO-HDO-DH,overtone,,11,11.0,7311.25,1367.7551718242435,1.44,GVPT2_overtone_combination
HDO-HDO-HD,overtone,,0,0.0,146.2,68399.45280437756,3.04,GVPT2_overtone_combination
HDO-HDO-HD,combination,,0,1.0,158.82,62964.36217101121,0.26,GVPT2_overtone_combination
HDO-HDO-HD,combination,,0,2.0,191.63,52183.89604967907,0.96,GVPT2_overtone_combination
HDO-HDO-HD,combination,,0,3.0,214.72,46572.28017883756,0.1,GVPT2_overtone_combination
HDO-HDO-HD,combination,,0,4.0,325.4,30731.40749846343,1.2,GVPT2_overtone_combination
HDO-HDO-HD,combination,,0,5.0,496.73,20131.661063354335,0.89,GVPT2_overtone_combination
HDO-HDO-HD,combination,,0,6.0,1478.51,6763.5660225497295,0.3,GVPT2_overtone_combination
HDO-HDO-HD,combination,,0,7.0,1514.19,6604.191019621051,0.15,GVPT2_overtone_combination
HDO-HDO-HD,combination,,0,8.0,2820.43,3545.558655949625,0.75,GVPT2_overtone_combination
HDO-HDO-HD,combination,,0,9.0,2817.39,3549.3843592828825,0.14,GVPT2_overtone_combination
HDO-HDO-HD,combination,,0,10.0,3712.14,2693.8639167703805,0.33,GVPT2_overtone_combination
HDO-HDO-HD,combination,,0,11.0,3803.19,2629.3716590546355,0.08,GVPT2_overtone_combination
HDO-HDO-HD,overtone,,1,1.0,154.65,64662.14031684449,0.92,GVPT2_overtone_combination
HDO-HDO-HD,combination,,1,2.0,190.34,52537.56435851634,0.23,GVPT2_overtone_combination
HDO-HDO-HD,combination,,1,3.0,217.13,46055.35854096624,0.43,GVPT2_overtone_combination
HDO-HDO-HD,combination,,1,4.0,299.14,33429.16360232667,0.21,GVPT2_overtone_combination
HDO-HDO-HD,combination,,1,5.0,524.43,19068.321796998647,0.38,GVPT2_overtone_combination
HDO-HDO-HD,combination,,1,6.0,1481.46,6750.097876419208,0.26,GVPT2_overtone_combination
HDO-HDO-HD,combination,,1,7.0,1506.92,6636.052345180899,0.04,GVPT2_overtone_combination
HDO-HDO-HD,combination,,1,8.0,2813.57,3554.2033786257316,0.1,GVPT2_overtone_combination
HDO-HDO-HD,combination,,1,9.0,2823.35,3541.891724369986,0.04,GVPT2_overtone_combination
HDO-HDO-HD,combination,,1,10.0,3723.44,2685.688503104656,0.42,GVPT2_overtone_combination
HDO-HDO-HD,combination,,1,11.0,3804.96,2628.1485219292713,0.11,GVPT2_overtone_combination
HDO-HDO-HD,overtone,,2,2.0,196.83,50805.263425290854,1.31,GVPT2_overtone_combination
HDO-HDO-HD,combination,,2,3.0,247.99,40324.20662123473,1.01,GVPT2_overtone_combination
HDO-HDO-HD,combination,,2,4.0,349.75,28591.851322373124,2.85,GVPT2_overtone_combination
HDO-HDO-HD,combination,,2,5.0,543.74,18391.142825615185,1.12,GVPT2_overtone_combination
HDO-HDO-HD,combination,,2,6.0,1514.68,6602.054559378878,0.12,GVPT2_overtone_combination
HDO-HDO-HD,combination,,2,7.0,1534.5,6516.780710329097,0.11,GVPT2_overtone_combination
HDO-HDO-HD,combination,,2,8.0,2848.43,3510.7058976348376,0.15,GVPT2_overtone_combination
HDO-HDO-HD,combination,,2,9.0,2855.53,3501.9768659408232,0.06,GVPT2_overtone_combination
HDO-HDO-HD,combination,,2,10.0,3756.88,2661.7831817891442,0.75,GVPT2_overtone_combination
HDO-HDO-HD,combination,,2,11.0,3833.03,2608.9020957310536,0.83,GVPT2_overtone_combination
HDO-HDO-HD,overtone,,3,3.0,267.24,37419.5479718605,0.5,GVPT2_overtone_combination
HDO-HDO-HD,combination,,3,4.0,345.08,28978.78752752985,0.31,GVPT2_overtone_combination
HDO-HDO-HD,combination,,3,5.0,566.01,17667.53237575308,2.73,GVPT2_overtone_combination
HDO-HDO-HD,combination,,3,6.0,1537.46,6504.234256500982,0.07,GVPT2_overtone_combination
HDO-HDO-HD,combination,,3,7.0,1563.21,6397.093160867702,0.04,GVPT2_overtone_combination
HDO-HDO-HD,combination,,3,8.0,2874.6,3478.7448688513186,0.09,GVPT2_overtone_combination
HDO-HDO-HD,combination,,3,9.0,2881.54,3470.366540113967,0.0,GVPT2_overtone_combination
HDO-HDO-HD,combination,,3,10.0,3779.19,2646.0696604298805,0.19,GVPT2_overtone_combination
HDO-HDO-HD,combination,,3,11.0,3862.97,2588.6817655845116,0.23,GVPT2_overtone_combination
HDO-HDO-HD,overtone,,4,4.0,396.81,25200.977797938558,1.52,GVPT2_overtone_combination
HDO-HDO-HD,combination,,4,5.0,589.3,16969.285593076533,0.04,GVPT2_overtone_combination
HDO-HDO-HD,combination,,4,6.0,1624.95,6154.035508784886,0.28,GVPT2_overtone_combination
HDO-HDO-HD,combination,,4,7.0,1636.47,6110.7139147066555,0.31,GVPT2_overtone_combination
HDO-HDO-HD,combination,,4,8.0,2961.5,3376.6672294445384,0.18,GVPT2_overtone_combination
HDO-HDO-HD,combination,,4,9.0,2964.31,3373.4663378661476,0.42,GVPT2_overtone_combination
HDO-HDO-HD,combination,,4,10.0,3882.8,2575.461007520346,1.21,GVPT2_overtone_combination
HDO-HDO-HD,combination,,4,11.0,3950.86,2531.094495881909,0.47,GVPT2_overtone_combination
HDO-HDO-HD,overtone,,5,5.0,814.14,12282.899746972265,1.12,GVPT2_overtone_combination
HDO-HDO-HD,combination,,5,6.0,1851.12,5402.134923721856,0.03,GVPT2_overtone_combination
HDO-HDO-HD,combination,,5,7.0,1880.67,5317.253957366258,0.06,GVPT2_overtone_combination
HDO-HDO-HD,combination,,5,8.0,3186.24,3138.4955307823643,0.03,GVPT2_overtone_combination
HDO-HDO-HD,combination,,5,9.0,3192.94,3131.9097759431747,0.07,GVPT2_overtone_combination
HDO-HDO-HD,combination,,5,10.0,4131.86,2420.2175291515205,0.04,GVPT2_overtone_combination
HDO-HDO-HD,combination,,5,11.0,4175.33,2395.0202738466182,0.08,GVPT2_overtone_combination
HDO-HDO-HD,overtone,,6,6.0,2776.2,3602.0459621064765,3.0,GVPT2_overtone_combination
HDO-HDO-HD,combination,,6,7.0,2824.12,3540.9260229735282,0.01,GVPT2_overtone_combination
HDO-HDO-HD,combination,,6,8.0,4113.88,2430.795258976927,0.75,GVPT2_overtone_combination
HDO-HDO-HD,combination,,6,9.0,4142.13,2414.2168401281465,0.01,GVPT2_overtone_combination
HDO-HDO-HD,combination,,6,10.0,5026.08,1989.6221309648872,0.06,GVPT2_overtone_combination
HDO-HDO-HD,combination,,6,11.0,5101.46,1960.2231518036012,1.45,GVPT2_overtone_combination
HDO-HDO-HD,overtone,,7,7.0,2824.33,3540.662741251908,0.07,GVPT2_overtone_combination
HDO-HDO-HD,combination,,7,8.0,4162.04,2402.6679224611007,0.01,GVPT2_overtone_combination
HDO-HDO-HD,combination,,7,9.0,4160.7,2403.4417285552913,0.75,GVPT2_overtone_combination
HDO-HDO-HD,combination,,7,10.0,5044.62,1982.3098667491308,4.1,GVPT2_overtone_combination
HDO-HDO-HD,combination,,7,11.0,5150.82,1941.4384505768014,0.01,GVPT2_overtone_combination
HDO-HDO-HD,overtone,,8,8.0,5388.46,1855.81780323135,0.66,GVPT2_overtone_combination
HDO-HDO-HD,combination,,8,9.0,5478.82,1825.2105380355624,0.0,GVPT2_overtone_combination
HDO-HDO-HD,combination,,8,10.0,6361.65,1571.9192347897165,0.05,GVPT2_overtone_combination
HDO-HDO-HD,combination,,8,11.0,6449.92,1550.4068267513396,0.15,GVPT2_overtone_combination
HDO-HDO-HD,overtone,,9,9.0,5406.1,1849.7623055437375,0.74,GVPT2_overtone_combination
HDO-HDO-HD,combination,,9,10.0,6365.13,1571.0598212448135,0.11,GVPT2_overtone_combination
HDO-HDO-HD,combination,,9,11.0,6467.63,1546.1614223448157,0.0,GVPT2_overtone_combination
HDO-HDO-HD,overtone,,10,10.0,7071.1,1414.2071247754945,0.13,GVPT2_overtone_combination
HDO-HDO-HD,combination,,10,11.0,7348.83,1360.7608285944837,0.06,GVPT2_overtone_combination
HDO-HDO-HD,overtone,,11,11.0,7292.55,1371.2624527771493,1.45,GVPT2_overtone_combination
HDO-HDO-HH,overtone,,0,0.0,125.01,79993.60051195904,2.66,GVPT2_overtone_combination
HDO-HDO-HH,combination,,0,1.0,164.16,60916.17933723197,0.27,GVPT2_overtone_combination
HDO-HDO-HH,combination,,0,2.0,177.84,56230.31938821412,0.94,GVPT2_overtone_combination
HDO-HDO-HH,combination,,0,3.0,209.93,47634.92592769018,0.1,GVPT2_overtone_combination
HDO-HDO-HH,combination,,0,4.0,318.18,31428.751021434407,1.19,GVPT2_overtone_combination
HDO-HDO-HH,combination,,0,5.0,487.22,20524.609006198432,0.88,GVPT2_overtone_combination
HDO-HDO-HH,combination,,0,6.0,1472.7,6790.249202145718,0.31,GVPT2_overtone_combination
HDO-HDO-HH,combination,,0,7.0,1507.27,6634.511401407844,0.15,GVPT2_overtone_combination
HDO-HDO-HH,combination,,0,8.0,2804.1,3566.2066260119113,0.75,GVPT2_overtone_combination
HDO-HDO-HH,combination,,0,9.0,2810.4,3558.2123541132933,0.14,GVPT2_overtone_combination
HDO-HDO-HH,combination,,0,10.0,3704.68,2699.288467559951,0.34,GVPT2_overtone_combination
HDO-HDO-HH,combination,,0,11.0,3802.78,2629.6551470240192,0.07,GVPT2_overtone_combination
HDO-HDO-HH,overtone,,1,1.0,191.05,52342.318764721276,1.15,GVPT2_overtone_combination
HDO-HDO-HH,combination,,1,2.0,194.25,51480.05148005148,0.18,GVPT2_overtone_combination
HDO-HDO-HH,combination,,1,3.0,233.33,42857.75511078729,0.45,GVPT2_overtone_combination
HDO-HDO-HH,combination,,1,4.0,311.8,32071.840923669017,0.22,GVPT2_overtone_combination
HDO-HDO-HH,combination,,1,5.0,536.68,18633.07743906984,0.38,GVPT2_overtone_combination
HDO-HDO-HH,combination,,1,6.0,1497.62,6677.261254523845,0.27,GVPT2_overtone_combination
HDO-HDO-HH,combination,,1,7.0,1521.18,6573.84398953444,0.05,GVPT2_overtone_combination
HDO-HDO-HH,combination,,1,8.0,2827.05,3537.2561504041314,0.11,GVPT2_overtone_combination
HDO-HDO-HH,combination,,1,9.0,2840.63,3520.345838775201,0.04,GVPT2_overtone_combination
HDO-HDO-HH,combination,,1,10.0,3735.79,2676.8099919963383,0.43,GVPT2_overtone_combination
HDO-HDO-HH,combination,,1,11.0,3823.62,2615.3226523556214,0.1,GVPT2_overtone_combination
HDO-HDO-HH,overtone,,2,2.0,175.29,57048.319926978154,1.21,GVPT2_overtone_combination
HDO-HDO-HH,combination,,2,3.0,242.61,41218.416388442354,0.99,GVPT2_overtone_combination
HDO-HDO-HH,combination,,2,4.0,341.44,29287.72258669166,2.81,GVPT2_overtone_combination
HDO-HDO-HH,combination,,2,5.0,534.23,18718.529472324655,1.11,GVPT2_overtone_combination
HDO-HDO-HH,combination,,2,6.0,1505.73,6641.296912461065,0.12,GVPT2_overtone_combination
HDO-HDO-HH,combination,,2,7.0,1527.86,6545.102299948949,0.11,GVPT2_overtone_combination
HDO-HDO-HH,combination,,2,8.0,2838.57,3522.9006154507374,0.15,GVPT2_overtone_combination
HDO-HDO-HH,combination,,2,9.0,2850.1,3508.6488193396726,0.06,GVPT2_overtone_combination
HDO-HDO-HH,combination,,2,10.0,3749.37,2667.114741943313,0.74,GVPT2_overtone_combination
HDO-HDO-HH,combination,,2,11.0,3835.0,2607.5619295958277,0.84,GVPT2_overtone_combination
HDO-HDO-HH,overtone,,3,3.0,271.35,36852.77317118113,0.51,GVPT2_overtone_combination
HDO-HDO-HH,combination,,3,4.0,346.25,28880.86642599278,0.31,GVPT2_overtone_combination
HDO-HDO-HH,combination,,3,5.0,565.85,17672.528055138286,2.73,GVPT2_overtone_combination
HDO-HDO-HH,combination,,3,6.0,1540.33,6492.11532593665,0.07,GVPT2_overtone_combination
HDO-HDO-HH,combination,,3,7.0,1566.13,6385.165982389712,0.04,GVPT2_overtone_combination
HDO-HDO-HH,combination,,3,8.0,2874.11,3479.337951574574,0.08,GVPT2_overtone_combination
HDO-HDO-HH,combination,,3,9.0,2885.45,3465.663934568265,0.0,GVPT2_overtone_combination
HDO-HDO-HH,combination,,3,10.0,3780.84,2644.914886638948,0.19,GVPT2_overtone_combination
HDO-HDO-HH,combination,,3,11.0,3870.43,2583.6922512485694,0.23,GVPT2_overtone_combination
HDO-HDO-HH,overtone,,4,4.0,395.23,25301.72304733952,1.52,GVPT2_overtone_combination
HDO-HDO-HH,combination,,4,5.0,577.13,17327.118673435794,0.04,GVPT2_overtone_combination
HDO-HDO-HH,combination,,4,6.0,1624.02,6157.559635965074,0.28,GVPT2_overtone_combination
HDO-HDO-HH,combination,,4,7.0,1636.08,6112.170554007139,0.31,GVPT2_overtone_combination
HDO-HDO-HH,combination,,4,8.0,2957.11,3381.6800863004755,0.18,GVPT2_overtone_combination
HDO-HDO-HH,combination,,4,9.0,2965.22,3372.4310506471697,0.42,GVPT2_overtone_combination
HDO-HDO-HH,combination,,4,10.0,3880.97,2576.6754187741726,1.21,GVPT2_overtone_combination
HDO-HDO-HH,combination,,4,11.0,3955.36,2528.2148780389143,0.47,GVPT2_overtone_combination
HDO-HDO-HH,overtone,,5,5.0,810.55,12337.301832089322,1.12,GVPT2_overtone_combination
HDO-HDO-HH,combination,,5,6.0,1849.55,5406.720553648185,0.03,GVPT2_overtone_combination
HDO-HDO-HH,combination,,5,7.0,1879.32,5321.073579805462,0.06,GVPT2_overtone_combination
HDO-HDO-HH,combination,,5,8.0,3181.67,3143.0035170209353,0.03,GVPT2_overtone_combination
HDO-HDO-HH,combination,,5,9.0,3192.12,3132.714308985878,0.07,GVPT2_overtone_combination
HDO-HDO-HH,combination,,5,10.0,4129.11,2421.8294014933003,0.04,GVPT2_overtone_combination
HDO-HDO-HH,combination,,5,11.0,4177.76,2393.6272069242846,0.08,GVPT2_overtone_combination
HDO-HDO-HH,overtone,,6,6.0,2777.91,3599.8286481563478,3.01,GVPT2_overtone_combination
HDO-HDO-HH,combination,,6,7.0,2825.59,3539.0838727487003,0.01,GVPT2_overtone_combination
HDO-HDO-HH,combination,,6,8.0,4112.38,2431.681897100949,0.75,GVPT2_overtone_combination
HDO-HDO-HH,combination,,6,9.0,4144.33,2412.935263359819,0.01,GVPT2_overtone_combination
HDO-HDO-HH,combination,,6,10.0,5026.51,1989.4519258889368,0.06,GVPT2_overtone_combination
HDO-HDO-HH,combination,,6,11.0,5107.5,1957.9050416054822,1.46,GVPT2_overtone_combination
HDO-HDO-HH,overtone,,7,7.0,2825.55,3539.1339739165824,0.08,GVPT2_overtone_combination
HDO-HDO-HH,combination,,7,8.0,4160.39,2403.6208143948043,0.01,GVPT2_overtone_combination
HDO-HDO-HH,combination,,7,9.0,4163.01,2402.1080900598363,0.75,GVPT2_overtone_combination
HDO-HDO-HH,combination,,7,10.0,5044.92,1982.191987187111,4.11,GVPT2_overtone_combination
HDO-HDO-HH,combination,,7,11.0,5156.29,1939.3788945152426,0.01,GVPT2_overtone_combination
HDO-HDO-HH,overtone,,8,8.0,5383.96,1857.3689254749293,0.66,GVPT2_overtone_combination
HDO-HDO-HH,combination,,8,9.0,5477.97,1825.4937504221452,0.0,GVPT2_overtone_combination
HDO-HDO-HH,combination,,8,10.0,6359.02,1572.569358171542,0.05,GVPT2_overtone_combination
HDO-HDO-HH,combination,,8,11.0,6452.29,1549.8373445706873,0.15,GVPT2_overtone_combination
HDO-HDO-HH,overtone,,9,9.0,5409.18,1848.7090464728478,0.75,GVPT2_overtone_combination
HDO-HDO-HH,combination,,9,10.0,6366.34,1570.7612223035528,0.11,GVPT2_overtone_combination
HDO-HDO-HH,combination,,9,11.0,6473.87,1544.6711163492625,0.0,GVPT2_overtone_combination
HDO-HDO-HH,overtone,,10,10.0,7070.43,1414.341136253382,0.13,GVPT2_overtone_combination
HDO-HDO-HH,combination,,10,11.0,7353.21,1359.9502802177553,0.06,GVPT2_overtone_combination
HDO-HDO-HH,overtone,,11,11.0,7302.07,1369.474683206269,1.45,GVPT2_overtone_combination
HDO,overtone,,0,0.0,2766.53,3614.636385652785,4.34,GVPT2_overtone_combination
HDO,combination,,0,1.0,4105.32,2435.8637085537794,0.81,GVPT2_overtone_combination
HDO,combination,,0,2.0,5107.68,1957.8360429784168,1.48,GVPT2_overtone_combination
HDO,overtone,,1,1.0,5391.34,1854.8264438896451,0.65,GVPT2_overtone_combination
HDO,combination,,1,2.0,6460.76,1547.8055213318557,0.14,GVPT2_overtone_combination
HDO,overtone,,2,2.0,7312.73,1367.4783562363168,1.39,GVPT2_overtone_combination
