species,mode1,mode2,same_mode,frequency_cm1,wavelength_nm,intensity_km_mol,eps_L_per_mol_cm,t2_au,tx,ty,tz
D2O-D2O-DX,0,0,True,158.79,62976.257950752566,3.94,0.00078,0.001534,0.038989,0.000111,0.003675
D2O-D2O-DX,0,1,False,167.9,59559.26146515783,0.55,0.000108,0.000201,-0.007056,-8.7e-05,-0.012306
D2O-D2O-DX,0,2,False,182.66,54746.52359575167,0.01,2e-06,3e-06,6e-05,-0.001842,-4e-05
D2O-D2O-DX,0,3,False,215.57,46388.64405993413,0.06,1.3e-05,1.8e-05,-2e-06,-0.004279,2.3e-05
D2O-D2O-DX,0,4,False,328.19,30470.154483683233,1.3,0.000257,0.000245,-3.9e-05,-0.015638,5.7e-05
D2O-D2O-DX,0,5,False,433.66,23059.539731586956,0.39,7.7e-05,5.6e-05,0.001797,-3e-05,-0.007246
D2O-D2O-DX,0,6,False,1257.52,7952.159806603474,0.33,6.5e-05,1.6e-05,-1.5e-05,-0.004018,2.2e-05
D2O-D2O-DX,0,7,False,1267.39,7890.231104869061,0.02,4e-06,1e-06,7e-06,-0.000936,0.0
D2O-D2O-DX,0,8,False,2726.54,3667.6520425154226,0.06,1.2e-05,1e-06,7e-06,-0.001155,1e-06
D2O-D2O-DX,0,9,False,2772.19,3607.256356887515,0.35,7e-05,8e-06,1e-06,0.002805,-6e-06
D2O-D2O-DX,0,10,False,2854.48,3503.2650430200947,0.04,7e-06,1e-06,-4e-06,-0.000904,7e-06
D2O-D2O-DX,0,11,False,2880.48,3471.643614953063,0.28,5.6e-05,6e-06,0.00227,-1.8e-05,-0.000966
D2O-D2O-DX,1,1,True,170.27,58730.251952780876,0.51,0.000102,0.000187,-0.01366,-8e-06,-0.00018
D2O-D2O-DX,1,2,False,182.72,54728.54640980736,0.06,1.2e-05,2e-05,-3.4e-05,-0.004474,9e-06
D2O-D2O-DX,1,3,False,221.49,45148.76518127229,0.0,0.0,0.0,3.5e-05,-0.000492,-0.0
D2O-D2O-DX,1,4,False,302.6,33046.92663582286,0.18,3.5e-05,3.6e-05,-1.9e-05,-0.006003,3.1e-05
D2O-D2O-DX,1,5,False,459.91,21743.38457524298,0.05,1e-05,7e-06,-0.002066,1.5e-05,-0.001599
D2O-D2O-DX,1,6,False,1262.47,7920.980300521993,0.0,0.0,0.0,-1.8e-05,0.000347,8e-06
D2O-D2O-DX,1,7,False,1268.48,7883.451059535822,0.17,3.4e-05,8e-06,-1.2e-05,0.002904,-4e-06
D2O-D2O-DX,1,8,False,2733.85,3657.845163414233,0.02,5e-06,1e-06,7e-06,-0.00072,-2e-06
D2O-D2O-DX,1,9,False,2775.79,3602.5780048202496,0.03,5e-06,1e-06,3e-06,-0.000767,6e-06
D2O-D2O-DX,1,10,False,2859.21,3497.469580758321,0.09,1.9e-05,2e-06,-6e-06,-0.001423,7e-06
D2O-D2O-DX,1,11,False,2884.01,3467.3943571624227,0.13,2.5e-05,3e-06,0.001338,4e-06,-0.000966
D2O-D2O-DX,2,2,True,184.69,54144.783150143485,1.56,0.000309,0.000521,-0.022038,4.1e-05,-0.005981
D2O-D2O-DX,2,3,False,230.2,43440.48653344918,0.65,0.000128,0.000173,0.013059,-5e-06,0.001643
D2O-D2O-DX,2,4,False,314.02,31845.1054072989,1.97,0.000389,0.000387,-0.018225,3.1e-05,0.007404
D2O-D2O-DX,2,5,False,459.11,21781.272461937227,0.52,0.000103,7e-05,2.1e-05,0.00837,-1.6e-05
D2O-D2O-DX,2,6,False,1273.74,7850.895787209321,0.38,7.5e-05,1.8e-05,0.004158,-2e-06,-0.000987
D2O-D2O-DX,2,7,False,1275.73,7838.649243962281,0.02,5e-06,1e-06,0.000981,4e-06,-0.000391
D2O-D2O-DX,2,8,False,2744.68,3643.411982453328,0.33,6.4e-05,7e-06,0.00212,-0.0,-0.001682
D2O-D2O-DX,2,9,False,2786.42,3588.8344183576055,0.11,2.2e-05,3e-06,0.000667,-1e-06,0.001437
D2O-D2O-DX,2,10,False,2869.06,3485.4621374248013,0.04,7e-06,1e-06,-0.000742,2e-06,0.000452
D2O-D2O-DX,2,11,False,2892.84,3456.8106082603945,0.05,1e-05,1e-06,2e-05,-0.001034,-4e-06
D2O-D2O-DX,3,3,True,263.6,37936.26707132018,0.64,0.000127,0.00015,0.011486,-9e-06,-0.004288
D2O-D2O-DX,3,4,False,348.24,28715.828164484265,0.26,5.1e-05,4.6e-05,0.000253,1.8e-05,0.006763
D2O-D2O-DX,3,5,False,493.78,20251.934059702704,1.09,0.000216,0.000137,8e-06,0.011695,-4e-05
D2O-D2O-DX,3,6,False,1310.85,7628.637906701759,0.02,3e-06,1e-06,0.000646,-1e-06,-0.000582
D2O-D2O-DX,3,7,False,1316.82,7594.052338208715,0.03,5e-06,1e-06,0.000703,-3e-06,-0.000868
D2O-D2O-DX,3,8,False,2782.95,3593.309258161304,0.51,0.0001,1.1e-05,-0.003348,-1e-06,-4e-06
D2O-D2O-DX,3,9,False,2825.95,3538.6330260620325,0.14,2.7e-05,3e-06,0.001164,-3e-06,-0.001272
D2O-D2O-DX,3,10,False,2901.72,3446.231890051418,0.34,6.7e-05,7e-06,-0.002672,1e-06,0.000278
D2O-D2O-DX,3,11,False,2933.46,3408.9437047036604,0.02,3e-06,0.0,0.0,0.000597,-2e-06
D2O-D2O-DX,4,4,True,410.69,24349.26586963403,0.93,0.000183,0.000139,-0.011102,1.6e-05,0.003982
D2O-D2O-DX,4,5,False,580.62,17222.968550859427,0.0,1e-06,0.0,1e-06,0.000644,-2e-06
D2O-D2O-DX,4,6,False,1400.04,7142.653067055227,0.13,2.6e-05,6e-06,-0.002424,0.0,9.5e-05
D2O-D2O-DX,4,7,False,1399.2,7146.94110920526,0.16,3.2e-05,7e-06,-0.00267,-0.0,-2.7e-05
D2O-D2O-DX,4,8,False,2880.08,3472.1257742840476,0.45,8.9e-05,1e-05,0.003083,-1e-06,-0.000324
D2O-D2O-DX,4,9,False,2914.37,3431.273311213058,0.4,7.9e-05,8e-06,-0.002719,3e-06,0.001014
D2O-D2O-DX,4,10,False,2994.54,3339.4110614652,0.04,9e-06,1e-06,-0.000579,2e-06,0.000748
D2O-D2O-DX,4,11,False,3022.16,3308.891653651693,0.02,5e-06,0.0,-0.0,-0.000687,2e-06
D2O-D2O-DX,5,5,True,702.16,14241.768257946907,0.48,9.6e-05,4.3e-05,-0.006157,1.2e-05,0.002167
D2O-D2O-DX,5,6,False,1548.46,6458.029267788642,0.0,0.0,0.0,1e-06,-4.8e-05,-0.0
D2O-D2O-DX,5,7,False,1559.0,6414.368184733804,0.04,7e-06,1e-06,-0.0,0.00122,-4e-06
D2O-D2O-DX,5,8,False,3035.55,3294.2959266030866,0.0,0.0,0.0,-2e-06,0.000123,-0.0
D2O-D2O-DX,5,9,False,3062.6,3265.1995036896756,0.02,4e-06,0.0,1e-06,0.000674,-2e-06
D2O-D2O-DX,5,10,False,3146.96,3177.6698782316903,0.07,1.3e-05,1e-06,-2e-06,-0.001138,4e-06
D2O-D2O-DX,5,11,False,3169.87,3154.703505191065,0.02,4e-06,0.0,-0.000271,-1e-06,-0.000569
D2O-D2O-DX,6,6,True,2329.75,4292.306041420753,0.02,4e-06,0.0,-0.00048,-1e-06,-0.000489
D2O-D2O-DX,6,7,False,2351.39,4252.803660813392,0.01,2e-06,0.0,-0.000364,-1e-06,-0.000353
D2O-D2O-DX,6,8,False,3813.39,2622.3386540584625,0.03,6e-06,1e-06,0.000703,0.0,8.1e-05
D2O-D2O-DX,6,9,False,3856.31,2593.152521451854,0.01,2e-06,0.0,-0.00039,-0.0,-0.000169
D2O-D2O-DX,6,10,False,3944.17,2535.387673452209,0.07,1.3e-05,1e-06,0.000899,1e-06,0.000504
D2O-D2O-DX,6,11,False,3961.54,2524.2708643608294,1.48,0.000293,2.3e-05,1e-06,0.004803,-1.2e-05
D2O-D2O-DX,7,7,True,2339.8,4273.869561500983,0.03,6e-06,1e-06,0.000348,3e-06,0.000847
D2O-D2O-DX,7,8,False,3815.22,2621.0808288906014,0.51,0.0001,8e-06,-0.002862,-0.0,-8e-06
D2O-D2O-DX,7,9,False,3868.79,2584.78749169637,0.0,0.0,0.0,-6e-05,0.0,3e-06
D2O-D2O-DX,7,10,False,3943.56,2535.7798537362182,1.71,0.000339,2.7e-05,-0.004722,-7e-06,-0.002124
D2O-D2O-DX,7,11,False,3976.09,2515.0336134242434,0.05,9e-06,1e-06,-0.0,0.000842,-2e-06
D2O-D2O-DX,8,8,True,5209.75,1919.477902010653,0.04,9e-06,1e-06,-0.000634,1e-06,0.000357
D2O-D2O-DX,8,9,False,5326.72,1877.3278865793584,0.03,5e-06,0.0,0.000545,0.0,7.3e-05
D2O-D2O-DX,8,10,False,5358.21,1866.2949007224427,0.55,0.000108,6e-06,-0.001609,-6e-06,-0.001927
D2O-D2O-DX,8,11,False,5434.72,1840.0211970441899,0.0,0.0,0.0,-0.0,-3.2e-05,0.0
D2O-D2O-DX,9,9,True,5338.0,1873.3608092918696,0.23,4.5e-05,3e-06,-0.001212,-2e-06,-0.001074
D2O-D2O-DX,9,10,False,5458.74,1831.9245833287537,0.03,5e-06,0.0,0.000449,1e-06,0.000311
D2O-D2O-DX,9,11,False,5407.24,1849.3723230335625,1.22,0.000242,1.4e-05,1e-06,0.003736,-9e-06
D2O-D2O-DX,10,10,True,5474.04,1826.8043346413253,0.36,7.2e-05,4e-06,0.001735,3e-06,0.001042
D2O-D2O-DX,10,11,False,5566.61,1796.4254725946314,0.01,1e-06,0.0,-0.0,-0.000265,1e-06
D2O-D2O-DX,11,11,True,5542.2,1804.3376276568872,0.01,2e-06,0.0,-0.000293,-1e-06,-0.000189
D2O-H2O-DX,0,0,True,175.28,57051.57462345961,1.17,0.000232,0.000414,-0.020027,0.002581,-0.002483
D2O-H2O-DX,0,1,False,212.47,47065.46806607992,0.01,2e-06,4e-06,-0.0013,0.000328,-0.001308
D2O-H2O-DX,0,2,False,217.71,45932.66271645767,0.0,0.0,0.0,-0.000294,-0.000242,-0.000207
D2O-H2O-DX,0,3,False,231.93,43116.45755184754,0.21,4.1e-05,5.5e-05,0.00069,0.007235,0.001595
D2O-H2O-DX,0,4,False,367.3,27225.70106180234,0.95,0.000189,0.00016,0.001068,0.012328,0.002692
D2O-H2O-DX,0,5,False,463.71,21565.202389424427,0.17,3.5e-05,2.3e-05,0.001466,-0.001165,0.004445
D2O-H2O-DX,0,6,False,1282.9,7794.83981604178,0.05,9e-06,2e-06,0.00015,0.00145,0.00033
D2O-H2O-DX,0,7,False,1690.05,5916.984704594539,0.22,4.3e-05,8e-06,0.000232,0.002742,0.000601
D2O-H2O-DX,0,8,False,2741.91,3647.0927200382216,0.0,0.0,0.0,3.1e-05,0.000193,5.1e-05
D2O-H2O-DX,0,9,False,2858.94,3497.7998838730437,0.38,7.4e-05,8e-06,0.000245,0.002771,0.000608
D2O-H2O-DX,0,10,False,3778.11,2646.8260585319113,0.27,5.4e-05,4e-06,0.000196,0.002057,0.000467
D2O-H2O-DX,0,11,False,3867.82,2585.4357234824784,0.43,8.6e-05,7e-06,-0.002348,0.000441,-0.001092
D2O-H2O-DX,1,1,True,222.61,44921.61178743093,0.69,0.000137,0.000191,0.011419,0.000707,-0.007776
D2O-H2O-DX,1,2,False,224.59,44525.57994567879,0.37,7.2e-05,0.0001,0.001482,0.009629,0.002355
D2O-H2O-DX,1,3,False,252.12,39663.65222909726,0.02,3e-06,4e-06,0.00032,0.001899,0.000433
D2O-H2O-DX,1,4,False,353.16,28315.777551251555,0.29,5.7e-05,5.1e-05,-0.001122,-0.006787,-0.001861
D2O-H2O-DX,1,5,False,514.61,19432.191368220592,0.49,9.7e-05,5.9e-05,0.003772,0.000935,-0.006613
D2O-H2O-DX,1,6,False,1295.76,7717.478545409644,0.04,8e-06,2e-06,-0.000137,-0.001365,-0.000301
D2O-H2O-DX,1,7,False,1710.2,5847.26932522512,0.0,0.0,0.0,-0.00012,-2e-05,-6.7e-05
D2O-H2O-DX,1,8,False,2772.06,3607.425524700043,0.19,3.7e-05,4e-06,-0.000172,-0.001986,-0.000417
D2O-H2O-DX,1,9,False,2888.95,3461.465238235345,0.03,5e-06,1e-06,-5.5e-05,-0.000724,-0.000153
D2O-H2O-DX,1,10,False,3799.07,2632.2231493497093,0.1,2e-05,2e-06,-0.000138,-0.001236,-0.000273
D2O-H2O-DX,1,11,False,3887.92,2572.0693841437064,0.74,0.000147,1.2e-05,0.002847,-0.000664,0.001807
D2O-H2O-DX,2,2,True,220.14,45425.63823021714,1.3,0.000258,0.000365,0.01817,-0.000437,-0.005911
D2O-H2O-DX,2,3,False,250.94,39850.16338566988,0.37,7.3e-05,9.1e-05,0.009182,-0.00036,-0.002491
D2O-H2O-DX,2,4,False,348.55,28690.28833739779,10.76,0.00213,0.001907,-0.04004,0.007398,-0.015781
D2O-H2O-DX,2,5,False,499.23,20030.84750515794,0.68,0.000135,8.4e-05,-0.000944,-0.00892,-0.001949
D2O-H2O-DX,2,6,False,1295.53,7718.848656534392,0.01,1e-06,0.0,4e-05,-0.000117,0.000532
D2O-H2O-DX,2,7,False,1711.8,5841.80394905947,0.13,2.7e-05,5e-06,0.002193,-0.000166,-7.1e-05
D2O-H2O-DX,2,8,False,2771.85,3607.69882930173,0.69,0.000136,1.5e-05,0.002518,-0.000856,0.002877
D2O-H2O-DX,2,9,False,2889.01,3461.3933492788183,0.13,2.6e-05,3e-06,-0.001463,0.000313,-0.000753
D2O-H2O-DX,2,10,False,3800.49,2631.2396559391027,0.36,7.1e-05,6e-06,0.000786,-0.000552,0.002222
D2O-H2O-DX,2,11,False,3892.32,2569.1618366424136,0.08,1.6e-05,1e-06,-6.1e-05,-0.001107,-0.000229
D2O-H2O-DX,3,3,True,268.56,37235.62704795949,0.76,0.000151,0.000175,-0.011701,0.002394,-0.005703
D2O-H2O-DX,3,4,False,366.37,27294.811256380162,0.45,8.9e-05,7.6e-05,-0.00157,-0.00171,0.008393
D2O-H2O-DX,3,5,False,517.94,19307.255666679535,1.54,0.000305,0.000184,0.00128,0.013175,0.002941
D2O-H2O-DX,3,6,False,1319.89,7576.388941502701,0.02,3e-06,1e-06,-0.000606,0.000194,-0.000607
D2O-H2O-DX,3,7,False,1731.17,5776.440210955596,0.1,2e-05,4e-06,-0.001328,0.00042,-0.001313
D2O-H2O-DX,3,8,False,2790.91,3583.060722130058,0.57,0.000113,1.3e-05,0.003511,-0.000415,0.000351
D2O-H2O-DX,3,9,False,2905.3,3441.985337142464,0.34,6.7e-05,7e-06,0.00261,-0.000354,0.000464
D2O-H2O-DX,3,10,False,3823.3,2615.541547877488,0.21,4.1e-05,3e-06,0.000917,-0.000426,0.001535
D2O-H2O-DX,3,11,False,3911.98,2556.2502875781574,0.03,5e-06,0.0,-6.2e-05,-0.000639,-0.000142
D2O-H2O-DX,4,4,True,415.41,24072.602970559205,4.11,0.000814,0.000612,0.02349,-0.003789,0.006741
D2O-H2O-DX,4,5,False,614.89,16263.071443672852,0.02,4e-06,2e-06,0.00014,0.001435,0.000308
D2O-H2O-DX,4,6,False,1417.17,7056.3164616806735,0.13,2.6e-05,6e-06,0.002254,-0.00037,0.000687
D2O-H2O-DX,4,7,False,1836.14,5446.207805505027,0.27,5.4e-05,9e-06,0.002665,6.8e-05,-0.001461
D2O-H2O-DX,4,8,False,2903.66,3443.9293856718764,0.56,0.000111,1.2e-05,-0.003317,0.000502,-0.000826
D2O-H2O-DX,4,9,False,3011.26,3320.8690050012283,0.07,1.5e-05,2e-06,0.000978,-0.000254,0.000716
D2O-H2O-DX,4,10,False,3926.91,2546.531496774818,0.57,0.000113,9e-06,-0.002766,0.000497,-0.00105
D2O-H2O-DX,4,11,False,4018.2,2488.6765218256933,0.08,1.5e-05,1e-06,0.000102,0.001051,0.000234
D2O-H2O-DX,5,5,True,741.35,13488.905375328792,0.83,0.000164,6.9e-05,0.007822,-0.00131,0.002489
D2O-H2O-DX,5,6,False,1581.73,6322.191524470042,0.03,7e-06,1e-06,0.000108,0.001129,0.000251
D2O-H2O-DX,5,7,False,1990.19,5024.645888081037,0.0,1e-06,0.0,3.3e-05,0.000313,7.2e-05
D2O-H2O-DX,5,8,False,3066.31,3261.2488626394593,0.0,0.0,0.0,1.7e-05,0.000178,4e-05
D2O-H2O-DX,5,9,False,3169.77,3154.80302987283,0.05,1e-05,1e-06,-9.4e-05,-0.000969,-0.000217
D2O-H2O-DX,5,10,False,4080.03,2450.9623703747275,0.03,5e-06,0.0,-5.8e-05,-0.000606,-0.000136
D2O-H2O-DX,5,11,False,4168.69,2398.8351256629785,0.06,1.2e-05,1e-06,0.000276,-0.000224,0.000897
D2O-H2O-DX,6,6,True,2339.92,4273.650381209613,0.04,7e-06,1e-06,-0.000475,-0.000143,0.000845
D2O-H2O-DX,6,7,False,2772.69,3606.605859291879,0.0,1e-06,0.0,0.000241,-2.7e-05,1.9e-05
D2O-H2O-DX,6,8,False,3821.25,2616.9447170428525,0.55,0.000109,9e-06,0.002973,-0.000305,8.9e-05
D2O-H2O-DX,6,9,False,3943.9,2535.5612464819087,1.78,0.000351,2.8e-05,0.004981,-9.5e-05,-0.001727
D2O-H2O-DX,6,10,False,4864.66,2055.642120929315,0.01,1e-06,0.0,-0.000102,6.3e-05,-0.000237
D2O-H2O-DX,6,11,False,4952.94,2019.002854870037,0.0,0.0,0.0,1.2e-05,0.000119,2.6e-05
D2O-H2O-DX,7,7,True,3147.78,3176.8420918869806,0.04,9e-06,1e-06,0.000711,6.1e-05,-0.000587
D2O-H2O-DX,7,8,False,4236.99,2360.166061284072,0.01,1e-06,0.0,0.00013,-6.3e-05,0.000229
D2O-H2O-DX,7,9,False,4362.01,2292.5211083881054,0.0,0.0,0.0,0.000114,-3.8e-05,0.000122
D2O-H2O-DX,7,10,False,5262.08,1900.3891997081003,0.04,7e-06,0.0,-0.000593,-9e-06,0.000298
D2O-H2O-DX,7,11,False,5344.66,1871.026407666718,3.79,0.00075,4.4e-05,-0.000621,-0.006433,-0.001428
D2O-H2O-DX,8,8,True,5220.09,1915.6757833677198,0.05,1e-05,1e-06,0.000656,-0.000149,0.000384
D2O-H2O-DX,8,9,False,5364.42,1864.134426461761,0.56,0.00011,6e-06,0.001804,0.000218,-0.001758
D2O-H2O-DX,8,10,False,6327.88,1580.3080968665652,0.06,1.2e-05,1e-06,0.000715,-4e-06,-0.000292
D2O-H2O-DX,8,11,False,6416.03,1558.5962035713674,0.02,3e-06,0.0,3.8e-05,0.000395,8.8e-05
D2O-H2O-DX,9,9,True,5473.45,1827.0012514958573,0.37,7.3e-05,4e-06,-0.001837,-2e-05,0.000885
D2O-H2O-DX,9,10,False,6453.85,1549.462723800522,0.01,2e-06,0.0,0.000269,-6e-06,-9.2e-05
D2O-H2O-DX,9,11,False,6542.1,1528.5611653750325,0.0,1e-06,0.0,2e-05,0.000202,4.5e-05
D2O-H2O-DX,10,10,True,7289.6,1371.8173836698859,0.46,9.1e-05,4e-06,0.001577,0.000111,-0.001188
D2O-H2O-DX,10,11,False,7302.93,1369.3134125618074,2.51,0.000497,2.1e-05,0.000432,0.00448,0.000995
D2O-H2O-DX,11,11,True,7455.28,1341.3312444334754,0.01,3e-06,0.0,0.000294,3e-06,-0.000139
D2O-HDO-DD,0,0,True,147.71,67700.22341073725,2.01,0.000397,0.000839,-0.028927,-0.000697,-0.00134
D2O-HDO-DD,0,1,False,158.35,63151.247237132935,0.34,6.7e-05,0.000131,-0.005708,0.00751,0.00651
D2O-HDO-DD,0,2,False,189.06,52893.26139849783,0.96,0.000191,0.000315,-0.017033,-0.002161,-0.004464
D2O-HDO-DD,0,3,False,214.09,46709.3278527722,0.09,1.8e-05,2.6e-05,-0.002634,-0.003777,0.002174
D2O-HDO-DD,0,4,False,332.4,30084.235860409146,1.39,0.000276,0.000259,0.005534,-0.014603,0.003897
D2O-HDO-DD,0,5,False,439.25,22766.078542970972,0.72,0.000142,0.000101,0.001766,-0.003421,0.009258
D2O-HDO-DD,0,6,False,1265.0,7905.138339920949,0.06,1.2e-05,3e-06,0.001352,0.000864,0.000586
D2O-HDO-DD,0,7,False,1479.45,6759.2686471323805,0.33,6.6e-05,1.4e-05,0.002326,-0.002022,0.002094
D2O-HDO-DD,0,8,False,2726.83,3667.2619855289845,0.08,1.6e-05,2e-06,0.000914,0.000993,0.000179
D2O-HDO-DD,0,9,False,2822.54,3542.9081607346575,0.88,0.000175,1.9e-05,0.001048,0.004219,-0.000658
D2O-HDO-DD,0,10,False,2842.93,3517.497792770135,0.18,3.5e-05,4e-06,-0.001172,0.000985,-0.001245
D2O-HDO-DD,0,11,False,3804.73,2628.307396319844,0.06,1.2e-05,1e-06,-0.00093,-0.000335,-0.000198
D2O-HDO-DD,1,1,True,160.63,62254.87144369047,0.65,0.000129,0.000251,0.015773,-0.001455,-0.000257
D2O-HDO-DD,1,2,False,191.5,52219.32114882507,0.12,2.4e-05,3.9e-05,0.005851,0.000362,0.002061
D2O-HDO-DD,1,3,False,218.77,45710.10650454815,0.21,4.2e-05,6e-05,0.007754,-0.000156,0.000306
D2O-HDO-DD,1,4,False,311.85,32066.698733365396,0.55,0.000108,0.000108,-0.007075,0.000435,-0.007625
D2O-HDO-DD,1,5,False,463.57,21571.715167072933,0.12,2.5e-05,1.7e-05,0.002218,0.002208,-0.002614
D2O-HDO-DD,1,6,False,1264.69,7907.076042350299,0.11,2.3e-05,6e-06,0.000998,0.002049,-0.000638
D2O-HDO-DD,1,7,False,1482.98,6743.179274164183,0.21,4.2e-05,9e-06,-0.00064,-0.001029,-0.002713
D2O-HDO-DD,1,8,False,2732.77,3659.2907562656205,0.11,2.1e-05,2e-06,-0.000889,-0.0012,-0.000424
D2O-HDO-DD,1,9,False,2814.51,3553.0163332160837,0.07,1.4e-05,2e-06,0.000583,0.000557,-0.000965
D2O-HDO-DD,1,10,False,2852.72,3505.4264000673043,0.09,1.8e-05,2e-06,0.000408,-0.001109,0.000786
D2O-HDO-DD,1,11,False,3807.28,2626.5470362043243,0.1,2e-05,2e-06,-9.8e-05,-0.001135,0.000563
D2O-HDO-DD,2,2,True,192.01,52080.620800999954,0.87,0.000173,0.000281,0.015321,-0.001719,-0.006562
D2O-HDO-DD,2,3,False,242.37,41259.23175310476,0.33,6.6e-05,8.5e-05,0.009096,0.000263,-0.001357
D2O-HDO-DD,2,4,False,354.96,28172.188415596123,5.44,0.001077,0.000947,-0.027516,-0.011224,-0.007977
D2O-HDO-DD,2,5,False,483.58,20679.10169982216,0.76,0.00015,9.7e-05,-0.006137,0.007666,-0.000542
D2O-HDO-DD,2,6,False,1286.9,7770.6115471287585,0.04,8e-06,2e-06,-0.00022,0.000974,-0.001009
D2O-HDO-DD,2,7,False,1511.64,6615.331692731073,0.1,2e-05,4e-06,-0.001661,-1e-06,-0.001161
D2O-HDO-DD,2,8,False,2760.88,3622.033554518849,0.47,9.3e-05,1e-05,-0.001951,-0.000141,-0.00258
D2O-HDO-DD,2,9,False,2845.64,3514.147959685695,0.19,3.8e-05,4e-06,-0.001353,-0.000346,-0.001481
D2O-HDO-DD,2,10,False,2878.4,3474.1523068371316,0.01,2e-06,0.0,0.000339,8.7e-05,0.000249
D2O-HDO-DD,2,11,False,3830.92,2610.3390308333246,0.65,0.000128,1e-05,0.002529,0.001611,-0.001215
D2O-HDO-DD,3,3,True,265.88,37610.95230931247,0.71,0.000141,0.000166,-0.011355,-0.002287,-0.005629
D2O-HDO-DD,3,4,False,360.43,27744.638348639124,0.35,6.8e-05,5.9e-05,-0.001284,0.003104,0.006923
D2O-HDO-DD,3,5,False,504.49,19821.99845388412,1.3,0.000257,0.000159,0.00063,-0.010095,0.007531
D2O-HDO-DD,3,6,False,1317.62,7589.441568889361,0.02,4e-06,1e-06,0.000611,0.000219,0.00064
D2O-HDO-DD,3,7,False,1536.65,6507.662772915107,0.07,1.3e-05,3e-06,-0.000924,-0.000357,-0.001305
D2O-HDO-DD,3,8,False,2786.95,3588.151922352393,0.55,0.000109,1.2e-05,-0.003458,1e-06,-0.000485
D2O-HDO-DD,3,9,False,2873.8,3479.7132716264177,0.07,1.3e-05,1e-06,-0.000486,-0.000783,-0.000759
D2O-HDO-DD,3,10,False,2901.4,3446.611980423244,0.35,6.8e-05,7e-06,-0.002638,-8.8e-05,-0.000615
D2O-HDO-DD,3,11,False,3862.58,2588.9431416307234,0.1,2e-05,2e-06,-0.000574,-9.3e-05,-0.001143
D2O-HDO-DD,4,4,True,418.52,23893.720730192108,2.51,0.000496,0.00037,0.017282,-0.000728,0.008412
D2O-HDO-DD,4,5,False,598.78,16700.624603360167,0.07,1.3e-05,7e-06,0.002309,-0.001144,0.00033
D2O-HDO-DD,4,6,False,1410.25,7090.941322460557,0.11,2.1e-05,5e-06,-0.00205,-0.000507,-0.000489
D2O-HDO-DD,4,7,False,1636.15,6111.909054793265,0.25,4.9e-05,9e-06,0.002982,-0.000624,4.4e-05
D2O-HDO-DD,4,8,False,2894.7,3454.58942204719,0.56,0.00011,1.2e-05,0.003289,-2.7e-05,0.001018
D2O-HDO-DD,4,9,False,2972.71,3363.9339188820973,0.21,4.2e-05,4e-06,0.001794,0.000614,0.000881
D2O-HDO-DD,4,10,False,3003.01,3329.992241118078,0.05,1e-05,1e-06,-0.000731,-0.000314,-0.000669
D2O-HDO-DD,4,11,False,3962.07,2523.933196536154,0.39,7.7e-05,6e-06,0.002048,-0.00066,0.001185
D2O-HDO-DD,5,5,True,717.79,13931.651318630798,0.67,0.000132,5.8e-05,0.006997,0.000494,0.002898
D2O-HDO-DD,5,6,False,1568.38,6376.005814917303,0.04,7e-06,1e-06,2.6e-05,0.001154,-0.000368
D2O-HDO-DD,5,7,False,1783.28,5607.644340765331,0.07,1.4e-05,2e-06,0.00149,-0.000242,0.000338
D2O-HDO-DD,5,8,False,3050.17,3278.505788201969,0.02,5e-06,0.0,0.000462,0.000374,0.000377
D2O-HDO-DD,5,9,False,3118.8,3206.3614210593814,0.02,4e-06,0.0,0.000401,-0.0005,1.4e-05
D2O-HDO-DD,5,10,False,3154.79,3169.783091743032,0.06,1.1e-05,1e-06,5.1e-05,-0.00087,0.00061
D2O-HDO-DD,5,11,False,4108.25,2434.1264528692263,0.09,1.7e-05,1e-06,0.000248,-0.000269,0.001087
D2O-HDO-DD,6,6,True,2338.22,4276.757533508396,0.04,7e-06,1e-06,-0.0005,0.000368,0.000765
D2O-HDO-DD,6,7,False,2578.76,3877.8327568288632,0.0,0.0,0.0,-0.000181,2e-05,-4.6e-05
D2O-HDO-DD,6,8,False,3817.83,2619.2889678167967,0.55,0.00011,9e-06,0.002979,-0.000147,0.000283
D2O-HDO-DD,6,9,False,3915.41,2554.010946490917,0.0,0.0,0.0,-0.000122,-9.8e-05,-5.9e-05
D2O-HDO-DD,6,10,False,3940.78,2537.568704672679,1.76,0.000348,2.8e-05,0.00499,-0.000972,-0.001313
D2O-HDO-DD,6,11,False,4904.44,2038.968771154301,0.0,1e-06,0.0,-5.2e-05,3.1e-05,-0.000191
D2O-HDO-DD,7,7,True,2776.32,3601.890272014753,2.83,0.000561,6.3e-05,0.002221,0.007314,-0.002152
D2O-HDO-DD,7,8,False,4041.31,2474.4451675323103,0.0,1e-06,0.0,-4.2e-05,2.1e-05,-0.000211
D2O-HDO-DD,7,9,False,4114.45,2430.4585059971564,0.75,0.000149,1.1e-05,0.000407,-0.00323,0.000848
D2O-HDO-DD,7,10,False,4166.74,2399.957760743411,0.0,1e-06,0.0,-8e-05,-0.000179,-4.9e-05
D2O-HDO-DD,7,11,False,5102.13,1959.9657397988683,1.47,0.00029,1.8e-05,0.000581,0.003832,-0.001652
D2O-HDO-DD,8,8,True,5215.0,1917.5455417066155,0.05,1e-05,1e-06,0.000633,0.000123,0.000405
D2O-HDO-DD,8,9,False,5376.94,1859.793860448508,0.02,5e-06,0.0,0.000497,-0.000159,1e-05
D2O-HDO-DD,8,10,False,5359.41,1865.8770275086251,0.55,0.000108,6e-06,0.001826,-0.000773,-0.001541
D2O-HDO-DD,8,11,False,6365.8,1570.894467309686,0.03,7e-06,0.0,0.000482,0.000174,-0.000256
D2O-HDO-DD,9,9,True,5389.53,1855.449362003737,0.66,0.000131,8e-06,0.000599,-0.002635,0.00053
D2O-HDO-DD,9,10,False,5502.67,1817.2996018296571,0.03,6e-06,0.0,0.000495,-0.000339,-3e-05
D2O-HDO-DD,9,11,False,6450.81,1550.1929215090818,0.15,3e-05,1e-06,0.000908,7.9e-05,-0.000798
D2O-HDO-DD,10,10,True,5469.52,1828.3140019599525,0.36,7.1e-05,4e-06,-0.001831,0.000453,0.000713
D2O-HDO-DD,10,11,False,6492.33,1540.2790677614971,0.01,2e-06,0.0,0.000238,0.000107,-0.000146
D2O-HDO-DD,11,11,True,7293.29,1371.1233202025423,1.43,0.000282,1.2e-05,0.001178,0.00271,-0.00183
D2O-HDO-DH,0,0,True,123.97,80664.67693796886,1.69,0.000334,0.00084,0.028157,0.005006,-0.004678
D2O-HDO-DH,0,1,False,154.91,64553.61177457879,0.34,6.6e-05,0.000134,-0.006542,0.008444,0.004448
D2O-HDO-DH,0,2,False,171.9,58173.35660267597,0.93,0.000183,0.000332,-0.017331,-0.00564,-0.000474
D2O-HDO-DH,0,3,False,204.45,48911.71435558816,0.08,1.7e-05,2.6e-05,0.001937,0.002636,-0.003855
D2O-HDO-DH,0,4,False,324.87,30781.543386585403,1.39,0.000275,0.000265,0.008306,-0.010723,0.008974
D2O-HDO-DH,0,5,False,428.44,23340.491083932407,0.7,0.000138,0.0001,0.003101,0.001061,0.009458
D2O-HDO-DH,0,6,False,1254.93,7968.571952220442,0.06,1.2e-05,3e-06,0.001313,0.001173,-6e-06
D2O-HDO-DH,0,7,False,1471.0,6798.096532970768,0.34,6.7e-05,1.4e-05,0.002842,-0.000695,0.002376
D2O-HDO-DH,0,8,False,2715.67,3682.332536722061,0.09,1.7e-05,2e-06,-0.000795,-0.001076,0.000385
D2O-HDO-DH,0,9,False,2801.19,3569.9113591009536,0.89,0.000176,2e-05,-0.000339,-0.003631,0.002504
D2O-HDO-DH,0,10,False,2834.3,3528.2080231450445,0.18,3.5e-05,4e-06,0.001471,-0.000212,0.001301
D2O-HDO-DH,0,11,False,3800.66,2631.121963027474,0.06,1.2e-05,1e-06,0.000857,0.00045,-8.3e-05
D2O-HDO-DH,1,1,True,184.08,54324.20686657974,0.73,0.000145,0.000246,-0.015621,0.000529,0.001183
D2O-HDO-DH,1,2,False,189.16,52865.29921759357,0.07,1.4e-05,2.4e-05,-0.004645,-0.001271,-0.000585
D2O-HDO-DH,1,3,False,227.0,44052.86343612335,0.21,4.2e-05,5.8e-05,0.007565,0.000654,-0.000808
D2O-HDO-DH,1,4,False,321.59,31095.49426288131,0.56,0.000111,0.000108,0.007745,0.003421,0.005991
D2O-HDO-DH,1,5,False,471.18,21223.311685555414,0.12,2.3e-05,1.6e-05,-0.001643,-0.001058,0.00342
D2O-HDO-DH,1,6,False,1272.68,7857.434704717603,0.13,2.5e-05,6e-06,-0.000624,-0.001728,0.001645
D2O-HDO-DH,1,7,False,1493.23,6696.891972435593,0.22,4.3e-05,9e-06,0.000677,0.002177,0.001954
D2O-HDO-DH,1,8,False,2740.83,3648.529824907054,0.11,2.1e-05,2e-06,-0.000767,-0.001336,0.000228
D2O-HDO-DH,1,9,False,2822.16,3543.3852084927858,0.07,1.5e-05,2e-06,0.000385,0.000164,-0.001209
D2O-HDO-DH,1,10,False,2862.08,3493.9624329159215,0.09,1.8e-05,2e-06,0.000651,-0.000598,0.001103
D2O-HDO-DH,1,11,False,3819.18,2618.3631041218273,0.09,1.8e-05,1e-06,0.00012,-0.000766,0.00092
D2O-HDO-DH,2,2,True,172.41,58001.27602807262,0.8,0.000159,0.000287,-0.015072,0.003038,0.007136
D2O-HDO-DH,2,3,False,234.65,42616.663115278076,0.32,6.3e-05,8.4e-05,0.008744,0.000486,-0.002673
D2O-HDO-DH,2,4,False,347.67,28762.907354675408,5.37,0.001062,0.000953,0.026329,0.016055,-0.001463
D2O-HDO-DH,2,5,False,473.33,21126.909344432002,0.76,0.00015,9.9e-05,0.007278,-0.006148,0.002796
D2O-HDO-DH,2,6,False,1279.03,7818.424900119622,0.04,8e-06,2e-06,0.000467,-0.000424,0.001289
D2O-HDO-DH,2,7,False,1501.77,6658.80927172603,0.1,2.1e-05,4e-06,0.001785,0.000659,0.000805
D2O-HDO-DH,2,8,False,2754.14,3630.8974852404017,0.47,9.3e-05,1.1e-05,-0.002153,-0.001395,-0.00198
D2O-HDO-DH,2,9,False,2833.83,3528.7931880176297,0.19,3.7e-05,4e-06,-0.001422,-0.001055,-0.000993
D2O-HDO-DH,2,10,False,2871.77,3482.1730152484356,0.01,2e-06,0.0,0.000346,0.000208,0.000138
D2O-HDO-DH,2,11,False,3830.92,2610.3390308333246,0.65,0.000129,1.1e-05,0.00214,0.001166,-0.002136
D2O-HDO-DH,3,3,True,265.84,37616.611495636476,0.72,0.000142,0.000166,0.011422,0.005477,0.002424
D2O-HDO-DH,3,4,False,361.76,27642.63600176913,0.35,6.9e-05,5.9e-05,-0.001033,0.005636,0.005148
D2O-HDO-DH,3,5,False,503.35,19866.891824774015,1.3,0.000257,0.000159,0.00281,-0.005807,0.010841
D2O-HDO-DH,3,6,False,1317.37,7590.881832742511,0.02,3e-06,1e-06,0.00063,0.000524,0.00039
D2O-HDO-DH,3,7,False,1536.85,6506.815889644403,0.07,1.3e-05,3e-06,-0.000977,-0.000965,-0.000893
D2O-HDO-DH,3,8,False,2786.6,3588.6025981482812,0.55,0.000109,1.2e-05,0.003455,0.000514,-7.2e-05
D2O-HDO-DH,3,9,False,2870.12,3484.1748777054618,0.07,1.3e-05,1e-06,0.000439,0.001068,0.00029
D2O-HDO-DH,3,10,False,2902.0,3445.8993797381117,0.34,6.8e-05,7e-06,0.002642,0.00058,0.000127
D2O-HDO-DH,3,11,False,3866.4,2586.3852679495135,0.1,2e-05,2e-06,0.00066,0.000619,0.000909
D2O-HDO-DH,4,4,True,420.76,23766.517729822226,2.53,0.000502,0.000372,-0.017975,-0.004473,-0.005376
D2O-HDO-DH,4,5,False,598.5,16708.43776106934,0.07,1.3e-05,7e-06,-0.002482,0.00069,-0.000445
D2O-HDO-DH,4,6,False,1411.32,7085.565286398549,0.11,2.1e-05,5e-06,0.001996,0.000853,-6.7e-05
D2O-HDO-DH,4,7,False,1636.99,6108.772808630474,0.25,4.9e-05,9e-06,-0.003028,0.00027,0.00014
D2O-HDO-DH,4,8,False,2895.09,3454.1240514111823,0.56,0.00011,1.2e-05,0.003339,0.000704,0.000443
D2O-HDO-DH,4,9,False,2969.36,3367.7290729315405,0.21,4.2e-05,4e-06,0.001764,0.001089,0.000276
D2O-HDO-DH,4,10,False,3004.99,3327.79809583393,0.05,1e-05,1e-06,-0.000736,-0.000636,-0.000366
D2O-HDO-DH,4,11,False,3968.17,2520.0533243283426,0.39,7.7e-05,6e-06,0.002227,9.3e-05,0.001037
D2O-HDO-DH,5,5,True,715.95,13967.455827920943,0.67,0.000133,5.8e-05,-0.00711,-0.002318,-0.001368
D2O-HDO-DH,5,6,False,1567.23,6380.684392207908,0.04,7e-06,1e-06,0.000172,-0.000886,0.000807
D2O-HDO-DH,5,7,False,1782.32,5610.664751559765,0.07,1.4e-05,2e-06,-0.001541,-6e-05,-0.000185
D2O-HDO-DH,5,8,False,3048.68,3280.1081123633835,0.02,5e-06,1e-06,0.000445,0.00054,0.000119
D2O-HDO-DH,5,9,False,3114.49,3210.798557709288,0.02,4e-06,0.0,0.00047,-0.000406,0.000159
D2O-HDO-DH,5,10,False,3154.32,3170.2553957746836,0.06,1.1e-05,1e-06,0.000236,-0.000517,0.0009
D2O-HDO-DH,5,11,False,4110.93,2432.5395956632683,0.09,1.7e-05,1e-06,0.00039,0.000244,0.001048
D2O-HDO-DH,6,6,True,2337.76,4277.599069194443,0.04,7e-06,1e-06,0.000472,-0.000614,-0.000609
D2O-HDO-DH,6,7,False,2578.63,3878.028255313868,0.0,0.0,0.0,0.000186,1.8e-05,2.4e-05
D2O-HDO-DH,6,8,False,3817.22,2619.7075358506977,0.55,0.00011,9e-06,0.002982,0.000256,-0.000125
D2O-HDO-DH,6,9,False,3911.68,2556.446335078534,0.0,0.0,0.0,-0.000112,-0.000125,5e-06
D2O-HDO-DH,6,10,False,3941.35,2537.201720222766,1.76,0.000348,2.8e-05,0.004929,-0.000988,-0.001517
D2O-HDO-DH,6,11,False,4907.84,2037.5562365521287,0.0,1e-06,0.0,-7.4e-05,-5.8e-05,-0.000177
D2O-HDO-DH,7,7,True,2776.92,3601.1120233928236,2.85,0.000563,6.3e-05,-0.000967,-0.005873,0.005282
D2O-HDO-DH,7,8,False,4041.1,2474.573754670758,0.0,1e-06,0.0,-6.5e-05,-7.5e-05,-0.000192
D2O-HDO-DH,7,9,False,4111.23,2432.362091150337,0.75,0.000149,1.1e-05,0.000946,-0.002511,0.002028
D2O-HDO-DH,7,10,False,4167.49,2399.5258536913107,0.0,1e-06,0.0,-5.7e-05,-0.00019,4.1e-05
D2O-HDO-DH,7,11,False,5106.52,1958.2807861322385,1.47,0.000291,1.8e-05,-0.000137,0.002801,-0.003148
D2O-HDO-DH,8,8,True,5214.33,1917.7919310822292,0.05,1e-05,1e-06,-0.000644,-0.00034,-0.00022
D2O-HDO-DH,8,9,False,5373.11,1861.1195378467964,0.02,5e-06,0.0,-0.000514,9.5e-05,-0.0
D2O-HDO-DH,8,10,False,5359.74,1865.762145178684,0.55,0.000108,6e-06,-0.001761,0.00119,0.001337
D2O-HDO-DH,8,11,False,6369.09,1570.083010288754,0.03,7e-06,0.0,-0.000425,-9.1e-05,0.000373
D2O-HDO-DH,9,9,True,5382.76,1857.7829960837935,0.66,0.000131,8e-06,-0.00102,0.002093,-0.001469
D2O-HDO-DH,9,10,False,5499.82,1818.2413242615214,0.03,6e-06,0.0,-0.000534,0.000274,-3.9e-05
D2O-HDO-DH,9,11,False,6451.0,1550.147263990079,0.15,3e-05,1e-06,-0.000807,0.000186,0.000885
D2O-HDO-DH,10,10,True,5470.88,1827.85950340713,0.36,7.1e-05,4e-06,0.0018,-0.000548,-0.000725
D2O-HDO-DH,10,11,False,6496.58,1539.2714320457842,0.01,2e-06,0.0,-0.000205,-5.5e-05,0.00021
D2O-HDO-DH,11,11,True,7300.59,1369.7523076902003,1.43,0.000283,1.2e-05,-0.000595,-0.001768,0.002932
D2O,0,0,True,2317.31,4315.348399653046,0.05,1e-05,1e-06,0.0,0.001162,-0.0
D2O,0,1,False,3854.6,2594.302910807866,0.02,3e-06,0.0,-0.0,0.000527,-0.0
D2O,0,2,False,3961.67,2524.188031814866,1.56,0.000309,2.4e-05,-0.00493,-0.0,-0.0
D2O,1,1,True,5344.92,1870.9353928590137,0.15,2.9e-05,2e-06,-0.0,0.001307,-0.0
D2O,1,2,False,5415.06,1846.701606261057,1.27,0.000251,1.4e-05,-0.003807,-0.0,-0.0
D2O,2,2,True,5552.58,1800.9645966379594,0.0,0.0,0.0,0.0,0.000141,0.0
H2O-D2O-HX,0,0,True,161.38,61965.54715578139,0.56,0.000111,0.000215,-0.014072,-0.003574,0.002023
H2O-D2O-HX,0,1,False,175.26,57058.08513066302,0.16,3.2e-05,5.7e-05,-0.001243,-0.001596,-0.007293
H2O-D2O-HX,0,2,False,173.16,57750.05775005775,1.43,0.000284,0.000511,0.006326,-0.021371,0.003777
H2O-D2O-HX,0,3,False,225.24,44397.08755105665,0.08,1.6e-05,2.2e-05,0.000541,0.001021,0.00453
H2O-D2O-HX,0,4,False,380.46,26283.97203385376,0.26,5.2e-05,4.2e-05,0.000623,0.001413,0.006329
H2O-D2O-HX,0,5,False,536.08,18653.93224891807,0.54,0.000107,6.2e-05,0.0014,0.007559,-0.001716
H2O-D2O-HX,0,6,False,1262.41,7921.356769987563,0.22,4.3e-05,1.1e-05,-0.000339,-0.00072,-0.003177
H2O-D2O-HX,0,7,False,1685.92,5931.479548258518,0.31,6.1e-05,1.1e-05,0.000317,0.000717,0.003275
H2O-D2O-HX,0,8,False,2773.37,3605.7215589697735,0.64,0.000126,1.4e-05,0.000362,0.00081,0.003655
H2O-D2O-HX,0,9,False,2882.36,3469.3792586630398,0.4,7.8e-05,8e-06,-0.002418,-0.001523,0.000577
H2O-D2O-HX,0,10,False,3710.69,2694.9165788573014,0.49,9.6e-05,8e-06,0.000275,0.000609,0.002764
H2O-D2O-HX,0,11,False,3837.23,2606.046549203462,0.41,8.1e-05,7e-06,-0.00025,-0.000551,-0.002501
H2O-D2O-HX,1,1,True,187.7,53276.505061267984,2.45,0.000484,0.000805,-0.028141,0.00288,0.002265
H2O-D2O-HX,1,2,False,210.49,47508.19516366573,0.04,8e-06,1.2e-05,-0.000504,-0.000231,-0.003406
H2O-D2O-HX,1,3,False,235.82,42405.22432363667,2.53,0.0005,0.000662,0.025596,-5.7e-05,-0.002535
H2O-D2O-HX,1,4,False,383.36,26085.141903171952,0.26,5.1e-05,4.2e-05,-0.004283,0.004803,-0.000679
H2O-D2O-HX,1,5,False,558.52,17904.461791878537,1.65,0.000326,0.000182,0.001269,0.002831,0.013133
H2O-D2O-HX,1,6,False,1279.78,7813.843004266359,0.5,9.9e-05,2.4e-05,0.004642,0.001383,-0.000872
H2O-D2O-HX,1,7,False,1699.99,5882.387543456138,0.02,3e-06,1e-06,-0.000227,-0.000737,0.000113
H2O-D2O-HX,1,8,False,2788.03,3586.761978888319,0.09,1.8e-05,2e-06,0.001026,-0.00095,5.8e-05
H2O-D2O-HX,1,9,False,2901.97,3445.935002773978,0.05,9e-06,1e-06,9e-05,0.000211,0.000984
H2O-D2O-HX,1,10,False,3727.25,2682.94318867798,0.7,0.000139,1.2e-05,-0.002997,-0.001522,0.000594
H2O-D2O-HX,1,11,False,3855.94,2593.4013496060625,0.01,2e-06,0.0,-7.5e-05,0.000411,-1.9e-05
H2O-D2O-HX,2,2,True,210.88,47420.333839150226,2.23,0.000441,0.000653,0.011341,-0.022643,0.00344
H2O-D2O-HX,2,3,False,248.11,40304.70355890532,0.14,2.8e-05,3.5e-05,-0.000416,-0.001294,-0.005735
H2O-D2O-HX,2,4,False,402.3,24857.071836937608,0.05,1e-05,8e-06,-0.000285,-0.000656,-0.002699
H2O-D2O-HX,2,5,False,561.46,17810.707797527873,0.48,9.5e-05,5.3e-05,0.003731,0.006013,-0.001611
H2O-D2O-HX,2,6,False,1283.79,7789.4359669416335,0.0,0.0,0.0,-5.7e-05,-4.9e-05,-8.4e-05
H2O-D2O-HX,2,7,False,1716.9,5824.451045488962,0.87,0.000172,3.1e-05,0.000525,0.00119,0.005441
H2O-D2O-HX,2,8,False,2791.17,3582.7269567958956,0.01,2e-06,0.0,2.6e-05,8.3e-05,0.000477
H2O-D2O-HX,2,9,False,2903.5,3444.1191665231618,0.0,1e-06,0.0,-5.4e-05,0.000297,-5.6e-05
H2O-D2O-HX,2,10,False,3724.53,2684.9025246138435,0.05,1e-05,1e-06,5.3e-05,0.000172,0.000879
H2O-D2O-HX,2,11,False,3847.99,2598.7593522852194,1.21,0.000239,1.9e-05,0.00049,0.000985,0.004258
H2O-D2O-HX,3,3,True,280.67,35629.03053407917,1.11,0.00022,0.000245,0.015524,-0.001598,-0.001174
H2O-D2O-HX,3,4,False,418.15,23914.863087408827,0.4,8e-05,6e-05,-0.005404,0.005476,-0.000676
H2O-D2O-HX,3,5,False,597.29,16742.285991729314,2.3,0.000456,0.000238,0.001488,0.003314,0.014998
H2O-D2O-HX,3,6,False,1324.18,7551.843404975154,0.02,5e-06,1e-06,0.000241,0.001004,-0.000246
H2O-D2O-HX,3,7,False,1747.99,5720.856526639169,0.04,8e-06,2e-06,-0.000741,-0.000934,0.000279
H2O-D2O-HX,3,8,False,2834.85,3527.523502125333,0.15,2.9e-05,3e-06,0.000542,0.001665,-0.000418
H2O-D2O-HX,3,9,False,2946.0,3394.4331296673454,0.03,6e-06,1e-06,-7.7e-05,-0.000172,-0.000781
H2O-D2O-HX,3,10,False,3774.16,2649.5962015388855,0.71,0.00014,1.2e-05,0.003346,0.000408,-0.000419
H2O-D2O-HX,3,11,False,3908.55,2558.4935589924653,0.43,8.6e-05,7e-06,0.002569,0.000354,-0.000331
H2O-D2O-HX,4,4,True,537.87,18591.853049993493,1.03,0.000205,0.000119,-0.006617,-0.008292,0.002504
H2O-D2O-HX,4,5,False,739.68,13519.359723123514,0.04,9e-06,4e-06,-0.000186,-0.000407,-0.00185
H2O-D2O-HX,4,6,False,1466.94,6816.911393785704,0.14,2.9e-05,6e-06,0.002347,0.000647,-0.000373
H2O-D2O-HX,4,7,False,1881.78,5314.117484509347,0.17,3.4e-05,6e-06,-0.002328,-0.000389,0.000315
H2O-D2O-HX,4,8,False,2979.18,3356.628333971093,0.24,4.8e-05,5e-06,0.00193,0.00108,-0.000428
H2O-D2O-HX,4,9,False,3090.2,3236.0365024917483,0.01,2e-06,0.0,-4.4e-05,-9.7e-05,-0.000441
H2O-D2O-HX,4,10,False,3938.97,2538.7347453775988,0.19,3.8e-05,3e-06,0.001689,0.00033,-0.000239
H2O-D2O-HX,4,11,False,4043.07,2473.368009952833,0.17,3.4e-05,3e-06,-0.001045,-0.001195,0.000367
H2O-D2O-HX,5,5,True,863.32,11583.190473984154,1.03,0.000204,7.4e-05,-0.007491,-0.003891,0.001594
H2O-D2O-HX,5,6,False,1658.59,6029.217588433549,0.0,0.0,0.0,2.2e-05,4.9e-05,0.000217
H2O-D2O-HX,5,7,False,2088.48,4788.171301616487,0.1,2e-05,3e-06,-0.000165,-0.000371,-0.001682
H2O-D2O-HX,5,8,False,3164.21,3160.346500390303,0.04,8e-06,1e-06,8.3e-05,0.000188,0.000848
H2O-D2O-HX,5,9,False,3274.15,3054.22781485271,0.03,6e-06,1e-06,0.000587,-0.000461,4.3e-05
H2O-D2O-HX,5,10,False,4139.0,2416.0425223483935,0.0,1e-06,0.0,1.7e-05,4.2e-05,0.000196
H2O-D2O-HX,5,11,False,4232.42,2362.714475406505,0.15,3e-05,2e-06,0.000142,0.000318,0.001434
H2O-D2O-HX,6,6,True,2334.81,4283.0037561942945,0.02,5e-06,1e-06,-0.000592,0.0005,-5.2e-05
H2O-D2O-HX,6,7,False,2779.46,3597.8211595058033,0.0,0.0,0.0,0.000143,-4e-06,-1.3e-05
H2O-D2O-HX,6,8,False,3858.59,2591.6202550672656,0.01,2e-06,0.0,-0.000352,0.000173,-3e-06
H2O-D2O-HX,6,9,False,3965.03,2522.0490135005284,1.53,0.000302,2.4e-05,-0.000468,-0.001044,-0.004741
H2O-D2O-HX,6,10,False,4793.36,2086.2192699901534,0.01,2e-06,0.0,-0.000325,0.00016,-3e-06
H2O-D2O-HX,6,11,False,4932.16,2027.5092454421592,0.0,0.0,0.0,-4.4e-05,8.6e-05,-1.5e-05
H2O-D2O-HX,7,7,True,3164.93,3159.627543105219,0.08,1.6e-05,2e-06,0.00053,-0.001133,0.000198
H2O-D2O-HX,7,8,False,4290.78,2330.5785894406145,0.0,1e-06,0.0,7.6e-05,0.000215,-5.5e-05
H2O-D2O-HX,7,9,False,4400.84,2272.2934712463984,0.0,0.0,0.0,-6e-06,-1.3e-05,-5.8e-05
H2O-D2O-HX,7,10,False,5208.12,1920.0786464213575,2.32,0.000459,2.7e-05,-0.005218,1.8e-05,0.000509
H2O-D2O-HX,7,11,False,5343.83,1871.3170142014249,3.27,0.000647,3.8e-05,-0.005702,0.002297,5.4e-05
H2O-D2O-HX,8,8,True,5336.28,1873.9646345394171,0.21,4.1e-05,2e-06,-0.001223,0.000938,-8.6e-05
H2O-D2O-HX,8,9,False,5407.93,1849.136360862659,1.21,0.00024,1.4e-05,-0.000357,-0.000797,-0.00362
H2O-D2O-HX,8,10,False,6303.26,1586.480646522593,0.08,1.7e-05,1e-06,-0.000858,0.000302,1.8e-05
H2O-D2O-HX,8,11,False,6443.31,1551.9973429805486,0.01,1e-06,0.0,-0.000229,3.2e-05,1.5e-05
H2O-D2O-HX,9,9,True,5546.36,1802.984299612719,0.01,2e-06,0.0,-0.000302,0.000161,-6e-06
H2O-D2O-HX,9,10,False,6413.32,1559.2548009455322,0.02,4e-06,0.0,-4.4e-05,-9.8e-05,-0.000444
H2O-D2O-HX,9,11,False,6553.36,1525.934787650915,0.0,1e-06,0.0,-1.6e-05,-3.6e-05,-0.000163
H2O-D2O-HX,10,10,True,7073.01,1413.8252314078447,0.04,7e-06,0.0,-0.000553,-7.5e-05,7.1e-05
H2O-D2O-HX,10,11,False,7329.61,1364.3290707145402,0.77,0.000153,7e-06,-0.001386,0.002116,-0.000331
H2O-D2O-HX,11,11,True,7371.0,1356.66802333469,0.99,0.000197,8e-06,0.00254,-0.00137,5.3e-05
H2O-H2O-HX,0,0,True,193.55,51666.236114699044,0.94,0.000185,0.000299,0.014386,-7.6e-05,0.009591
H2O-H2O-HX,0,1,False,216.9,46104.19548178884,1.44,0.000286,0.000411,0.009432,0.000309,0.017952
H2O-H2O-HX,0,2,False,220.65,45320.643553138456,0.06,1.2e-05,1.7e-05,-4.2e-05,-0.004113,0.000194
H2O-H2O-HX,0,3,False,243.89,41002.09110664644,0.0,0.0,0.0,-4.7e-05,0.000412,7.1e-05
H2O-H2O-HX,0,4,False,450.14,22215.310792197983,3.37,0.000666,0.000462,0.000111,0.021488,-0.000399
H2O-H2O-HX,0,5,False,551.05,18147.17357771527,0.85,0.000168,9.5e-05,0.003366,-0.00012,-0.009168
H2O-H2O-HX,0,6,False,1696.56,5894.280190503136,0.8,0.000159,2.9e-05,-5.1e-05,-0.005403,0.000133
H2O-H2O-HX,0,7,False,1715.9,5827.845445538784,0.08,1.7e-05,3e-06,1.7e-05,-0.001736,2.5e-05
H2O-H2O-HX,0,8,False,3726.28,2683.6415942977983,0.26,5.1e-05,4e-06,1.8e-05,-0.002059,2.8e-05
H2O-H2O-HX,0,9,False,3791.34,2637.5898758750204,1.05,0.000208,1.7e-05,2e-06,0.004141,-5.8e-05
H2O-H2O-HX,0,10,False,3849.99,2597.409343920374,0.04,7e-06,1e-06,-2.6e-05,-0.00075,2.1e-05
H2O-H2O-HX,0,11,False,3876.25,2579.8129635601417,0.79,0.000157,1.3e-05,0.003307,-8.5e-05,-0.001312
H2O-H2O-HX,1,1,True,220.02,45450.41359876375,0.55,0.000109,0.000154,-0.01232,-0.000193,-0.001475
H2O-H2O-HX,1,2,False,226.82,44087.82294330306,0.11,2.2e-05,3e-05,0.000245,0.005478,-7e-05
H2O-H2O-HX,1,3,False,246.28,40604.19035244437,0.04,8e-06,1e-05,-0.0004,-0.003105,-1.1e-05
H2O-H2O-HX,1,4,False,395.92,25257.627803596686,0.46,9.1e-05,7.2e-05,9e-06,-0.008482,0.000218
H2O-H2O-HX,1,5,False,602.4,16600.265604249667,0.12,2.3e-05,1.2e-05,0.002578,-0.000179,0.002288
H2O-H2O-HX,1,6,False,1705.53,5863.280036117805,0.0,0.0,0.0,0.000106,-0.00012,-3.8e-05
H2O-H2O-HX,1,7,False,1715.92,5827.777518765443,0.48,9.5e-05,1.7e-05,5.4e-05,-0.004161,5e-05
H2O-H2O-HX,1,8,False,3739.94,2673.8396872677104,0.11,2.3e-05,2e-06,-3.7e-05,0.001373,1e-06
H2O-H2O-HX,1,9,False,3797.81,2633.0964424233966,0.11,2.2e-05,2e-06,-1.6e-05,0.001336,-3.9e-05
H2O-H2O-HX,1,10,False,3857.21,2592.54746306268,0.18,3.5e-05,3e-06,3e-05,0.00168,-4.4e-05
H2O-H2O-HX,1,11,False,3881.98,2576.005028361815,0.35,7e-05,6e-06,-0.00206,-1.9e-05,0.001167
H2O-H2O-HX,2,2,True,220.13,45427.701812565305,1.43,0.000283,0.000402,-0.018775,-5e-06,-0.007
H2O-H2O-HX,2,3,False,234.43,42656.65657125795,4.49,0.000889,0.001183,0.033833,-1.5e-05,0.006217
H2O-H2O-HX,2,4,False,415.44,24070.864625457347,1.63,0.000323,0.000243,0.011716,-0.000218,-0.010257
H2O-H2O-HX,2,5,False,586.52,17049.71697469822,3.06,0.000606,0.000323,8.2e-05,0.017958,-0.000269
H2O-H2O-HX,2,6,False,1709.52,5849.595208011606,0.03,5e-06,1e-06,0.00096,3.6e-05,-0.000234
H2O-H2O-HX,2,7,False,1715.49,5829.238293432197,0.07,1.4e-05,3e-06,0.001544,-2e-06,-0.000488
H2O-H2O-HX,2,8,False,3741.14,2672.9820322147793,0.27,5.4e-05,4e-06,0.001465,-1.1e-05,-0.001523
H2O-H2O-HX,2,9,False,3800.9,2630.955826251677,0.37,7.3e-05,6e-06,-0.001336,2.4e-05,0.002046
H2O-H2O-HX,2,10,False,3860.51,2590.331329280328,0.04,7e-06,1e-06,-0.000633,3e-05,0.00041
H2O-H2O-HX,2,11,False,3884.34,2574.4399305930992,0.06,1.1e-05,1e-06,7.2e-05,-0.000952,-5e-06
H2O-H2O-HX,3,3,True,268.19,37286.99802378911,15.14,0.002996,0.003486,0.00364,0.001048,0.058917
H2O-H2O-HX,3,4,False,409.37,24427.77927058651,0.83,0.000164,0.000125,-0.009414,-8.8e-05,-0.006029
H2O-H2O-HX,3,5,False,599.89,16669.72278251013,1.74,0.000343,0.000179,8e-06,0.013365,-0.000237
H2O-H2O-HX,3,6,False,1728.5,5785.363031530229,0.01,2e-06,0.0,-0.000419,-4e-06,-0.000399
H2O-H2O-HX,3,7,False,1738.21,5753.04479895985,0.03,7e-06,1e-06,0.000226,-2.1e-05,-0.001075
H2O-H2O-HX,3,8,False,3764.98,2656.0566058783843,0.91,0.00018,1.5e-05,-0.003815,8e-06,0.000597
H2O-H2O-HX,3,9,False,3822.2,2616.294280780702,0.55,0.000108,9e-06,0.001733,-3.8e-05,-0.002419
H2O-H2O-HX,3,10,False,3866.87,2586.0709048920703,0.37,7.4e-05,6e-06,-0.002446,0.0,-1.2e-05
H2O-H2O-HX,3,11,False,3906.47,2559.8558289197153,0.08,1.7e-05,1e-06,-7e-06,0.001154,-1.7e-05
H2O-H2O-HX,4,4,True,532.99,18762.078087769,2.13,0.000422,0.000247,-0.013802,0.000132,0.007513
H2O-H2O-HX,4,5,False,755.06,13243.980610812387,0.07,1.4e-05,6e-06,-3e-06,-0.002413,4e-05
H2O-H2O-HX,4,6,False,1889.31,5292.937633315867,0.44,8.6e-05,1.4e-05,0.003766,-3e-06,-0.000247
H2O-H2O-HX,4,7,False,1888.32,5295.712591086257,0.43,8.5e-05,1.4e-05,0.003727,7e-06,0.000472
H2O-H2O-HX,4,8,False,3944.07,2535.451956988593,0.54,0.000107,8e-06,-0.002876,7e-06,0.000407
H2O-H2O-HX,4,9,False,3984.12,2509.964559300423,0.96,0.00019,1.5e-05,0.003659,-2e-05,-0.001217
H2O-H2O-HX,4,10,False,4037.83,2476.5777657801345,0.34,6.7e-05,5e-06,0.001961,-2e-05,-0.001149
H2O-H2O-HX,4,11,False,4069.29,2457.4311489227853,0.04,8e-06,1e-06,0.0,0.000777,-1.2e-05
H2O-H2O-HX,5,5,True,891.42,11218.05658387741,1.25,0.000248,8.7e-05,-0.008872,5.3e-05,0.002853
H2O-H2O-HX,5,6,False,2081.89,4803.327745462057,0.0,0.0,0.0,2e-06,-0.000187,3e-06
H2O-H2O-HX,5,7,False,2100.43,4760.929904829011,0.1,1.9e-05,3e-06,-0.0,0.001678,-2.9e-05
H2O-H2O-HX,5,8,False,4150.88,2409.1277030412825,0.0,0.0,0.0,-2e-06,-5.9e-05,2e-06
H2O-H2O-HX,5,9,False,4174.1,2395.726024771807,0.06,1.1e-05,1e-06,1e-06,0.000909,-1.6e-05
H2O-H2O-HX,5,10,False,4233.34,2362.201004407867,0.14,2.8e-05,2e-06,-2e-06,-0.001431,2.5e-05
H2O-H2O-HX,5,11,False,4258.64,2348.167490090733,0.04,8e-06,1e-06,-2.4e-05,-1.2e-05,-0.000761
H2O-H2O-HX,6,6,True,3146.67,3177.962735208967,0.03,7e-06,1e-06,-0.000588,-9e-06,-0.00057
H2O-H2O-HX,6,7,False,3182.79,3141.8975175867713,0.04,7e-06,1e-06,-0.000564,-1.1e-05,-0.00064
H2O-H2O-HX,6,8,False,5200.26,1922.9807740382212,0.13,2.6e-05,2e-06,0.001211,5e-06,0.000338
H2O-H2O-HX,6,9,False,5260.76,1900.866034565348,0.04,8e-06,0.0,-0.000587,-5e-06,-0.000326
H2O-H2O-HX,6,10,False,5330.65,1875.9438342416029,0.18,3.6e-05,2e-06,0.001179,1.4e-05,0.000854
H2O-H2O-HX,6,11,False,5341.46,1872.1473155279643,3.6,0.000712,4.2e-05,1e-06,0.00645,-0.000105
H2O-H2O-HX,7,7,True,3166.46,3158.100844476166,0.06,1.2e-05,1e-06,0.000215,1.8e-05,0.001077
H2O-H2O-HX,7,8,False,5203.92,1921.6283109655797,2.12,0.000419,2.5e-05,-0.005,-7e-06,-0.000388
H2O-H2O-HX,7,9,False,5284.68,1892.2621615689122,0.0,0.0,0.0,-0.000122,-1e-06,-6.2e-05
H2O-H2O-HX,7,10,False,5330.44,1876.017739623746,3.13,0.00062,3.6e-05,-0.005262,-5e-05,-0.002933
H2O-H2O-HX,7,11,False,5368.85,1862.5962729448577,0.19,3.8e-05,2e-06,0.0,0.00148,-2.4e-05
H2O-H2O-HX,8,8,True,7066.08,1415.2118289065506,0.03,5e-06,0.0,-0.000473,1e-06,5.5e-05
H2O-H2O-HX,8,9,False,7292.39,1371.2925392086818,0.06,1.2e-05,1e-06,0.000661,4e-06,0.00026
H2O-H2O-HX,8,10,False,7292.63,1371.2474100564543,0.78,0.000153,7e-06,-0.001098,-3.9e-05,-0.002314
H2O-H2O-HX,8,11,False,7377.86,1355.4065813121963,0.01,1e-06,0.0,-0.0,-0.000227,4e-06
H2O-H2O-HX,9,9,True,7291.26,1371.5050622251847,0.49,9.7e-05,4e-06,-0.001466,-2.2e-05,-0.001414
H2O-H2O-HX,9,10,False,7425.38,1346.7324231217797,0.03,6e-06,0.0,0.000355,6e-06,0.00037
H2O-H2O-HX,9,11,False,7300.7,1369.7316695659322,2.53,0.000502,2.1e-05,1e-06,0.004629,-7.5e-05
H2O-H2O-HX,10,10,True,7345.31,1361.4129287940195,0.98,0.000194,8e-06,0.002335,2.8e-05,0.001674
H2O-H2O-HX,10,11,False,7510.37,1331.4923232810102,0.01,3e-06,0.0,-0.0,-0.000324,5e-06
H2O-H2O-HX,11,11,True,7448.11,1342.6224908063925,0.01,2e-06,0.0,-0.000271,-3e-06,-0.000175
H2O-HDO-HD,0,0,True,199.55,50112.75369581558,0.43,8.4e-05,0.000132,-0.00966,-0.001859,-0.005941
H2O-HDO-HD,0,1,False,191.12,52323.14776056928,1.66,0.000329,0.000538,0.008823,0.016824,-0.013302
H2O-HDO-HD,0,2,False,218.04,45863.1443771785,0.64,0.000127,0.000182,-0.011421,0.000488,-0.007178
H2O-HDO-HD,0,3,False,256.09,39048.771916123245,0.83,0.000164,0.0002,-0.013125,-0.002993,-0.00437
H2O-HDO-HD,0,4,False,403.57,24778.84877468593,0.45,8.9e-05,6.9e-05,0.003155,0.002632,0.007231
H2O-HDO-HD,0,5,False,561.91,17796.444270434768,1.13,0.000224,0.000125,-0.000794,0.000802,-0.011106
H2O-HDO-HD,0,6,False,1501.69,6659.164008550366,0.49,9.7e-05,2e-05,-0.002713,0.001284,-0.003345
H2O-HDO-HD,0,7,False,1703.63,5869.819150871961,0.38,7.5e-05,1.4e-05,-0.001781,0.00284,0.001593
H2O-HDO-HD,0,8,False,2850.48,3508.181078274536,1.28,0.000254,2.8e-05,0.000376,0.003771,0.003661
H2O-HDO-HD,0,9,False,3745.06,2670.1841893053784,0.74,0.000147,1.2e-05,0.002199,-0.00229,-0.001464
H2O-HDO-HD,0,10,False,3827.41,2612.732892478203,0.09,1.8e-05,1e-06,-0.000346,-0.000632,-0.000972
H2O-HDO-HD,0,11,False,3874.04,2581.2846537464766,0.4,7.8e-05,6e-06,0.000453,-0.00183,-0.001659
H2O-HDO-HD,1,1,True,208.75,47904.19161676647,1.31,0.000259,0.000387,0.010145,0.013196,-0.010502
H2O-HDO-HD,1,2,False,227.18,44017.95932740558,0.08,1.6e-05,2.2e-05,0.001913,-0.002027,-0.003833
H2O-HDO-HD,1,3,False,261.47,38245.305388763525,0.21,4.2e-05,5e-05,0.004035,0.003827,0.004326
H2O-HDO-HD,1,4,False,411.92,24276.558555059233,0.26,5.1e-05,3.9e-05,0.003177,0.003319,-0.004231
H2O-HDO-HD,1,5,False,568.34,17595.10152373579,0.38,7.4e-05,4.1e-05,-0.003156,0.004855,-0.002712
H2O-HDO-HD,1,6,False,1506.99,6635.74409916456,0.09,1.8e-05,4e-06,-0.000104,-0.001213,0.001465
H2O-HDO-HD,1,7,False,1715.68,5828.592744567752,0.82,0.000163,3e-05,-0.00022,0.003336,0.004299
H2O-HDO-HD,1,8,False,2840.3,3520.7548498398055,0.05,9e-06,1e-06,0.0,0.000233,0.00097
H2O-HDO-HD,1,9,False,3739.68,2674.025585076798,0.09,1.8e-05,1e-06,-0.000719,-5.6e-05,-0.000987
H2O-HDO-HD,1,10,False,3827.65,2612.5690697947825,0.05,1e-05,1e-06,-0.000763,0.000443,-2.4e-05
H2O-HDO-HD,1,11,False,3865.54,2586.9606833715343,1.05,0.000207,1.7e-05,-0.002044,0.002978,0.001923
H2O-HDO-HD,2,2,True,227.48,43959.90856339019,1.75,0.000346,0.000475,-0.021164,-0.002671,0.004432
H2O-HDO-HD,2,3,False,264.01,37877.353130563235,3.61,0.000715,0.000845,-0.028921,0.001823,0.002296
H2O-HDO-HD,2,4,False,420.26,23794.79369913863,0.58,0.000116,8.6e-05,0.003692,-0.00848,0.000558
H2O-HDO-HD,2,5,False,590.62,16931.36026548373,1.94,0.000384,0.000203,-0.003181,-0.009955,-0.009684
H2O-HDO-HD,2,6,False,1526.24,6552.049481077681,0.14,2.7e-05,5e-06,-0.002192,0.000602,-0.000544
H2O-HDO-HD,2,7,False,1720.17,5813.378910223989,0.04,7e-06,1e-06,-0.000242,-7.6e-05,-0.001129
H2O-HDO-HD,2,8,False,2861.35,3494.853827738655,0.15,3e-05,3e-06,-0.001276,0.000676,-0.001098
H2O-HDO-HD,2,9,False,3767.11,2654.5548178842664,0.43,8.5e-05,7e-06,0.001697,-0.000767,0.001899
H2O-HDO-HD,2,10,False,3845.65,2600.3406446244458,0.48,9.6e-05,8e-06,-0.002475,0.000612,0.001127
H2O-HDO-HD,2,11,False,3897.57,2565.701193307625,0.01,2e-06,0.0,0.000139,-0.000416,-2.1e-05
H2O-HDO-HD,3,3,True,308.63,32401.25716877815,3.31,0.000655,0.000663,0.017324,0.016963,-0.008653
H2O-HDO-HD,3,4,False,437.96,22833.135446159467,0.55,0.000108,7.7e-05,0.006882,0.003618,-0.004059
H2O-HDO-HD,3,5,False,618.24,16174.948240165631,2.1,0.000416,0.00021,-0.001208,0.006948,0.012666
H2O-HDO-HD,3,6,False,1560.93,6406.437188086589,0.04,8e-06,2e-06,-0.000109,0.000726,-0.001077
H2O-HDO-HD,3,7,False,1760.33,5680.753040623065,0.04,7e-06,1e-06,0.000631,-0.000884,0.000328
H2O-HDO-HD,3,8,False,2900.31,3447.907292668715,0.11,2.3e-05,2e-06,-0.00048,0.001373,-0.000569
H2O-HDO-HD,3,9,False,3804.43,2628.5146526549315,0.81,0.00016,1.3e-05,0.003465,-0.000269,0.001028
H2O-HDO-HD,3,10,False,3885.46,2573.697837579077,0.25,5e-05,4e-06,0.000563,-0.000724,0.001771
H2O-HDO-HD,3,11,False,3962.02,2523.9650481320136,0.45,8.9e-05,7e-06,-0.002597,0.000305,-0.000382
H2O-HDO-HD,4,4,True,535.2,18684.603886397606,1.64,0.000324,0.000189,-0.009183,0.00502,-0.008898
H2O-HDO-HD,4,5,False,752.24,13293.62969265128,0.06,1.1e-05,5e-06,0.000177,0.001556,0.001522
H2O-HDO-HD,4,6,False,1696.68,5893.863309522126,0.32,6.4e-05,1.2e-05,0.003313,-0.000414,0.000802
H2O-HDO-HD,4,7,False,1885.31,5304.1674843924875,0.19,3.8e-05,6e-06,-0.002439,0.000414,-0.000311
H2O-HDO-HD,4,8,False,3036.59,3293.16766504533,0.17,3.3e-05,3e-06,0.001537,-0.000865,0.000532
H2O-HDO-HD,4,9,False,3960.34,2525.035729255569,0.38,7.5e-05,6e-06,-0.002307,0.000368,-0.000651
H2O-HDO-HD,4,10,False,4023.87,2485.169749519741,0.46,9.2e-05,7e-06,-0.002278,0.000376,-0.001336
H2O-HDO-HD,4,11,False,4067.35,2458.6032674837425,0.25,4.9e-05,4e-06,-0.001402,0.001023,-0.00085
H2O-HDO-HD,5,5,True,883.52,11318.36291198841,1.15,0.000227,8e-05,-0.007845,0.002657,-0.00342
H2O-HDO-HD,5,6,False,1886.93,5299.6136581643195,0.04,7e-06,1e-06,-0.00104,-0.000121,-0.000324
H2O-HDO-HD,5,7,False,2096.8,4769.172071728348,0.1,2e-05,3e-06,-0.000127,0.001175,0.001255
H2O-HDO-HD,5,8,False,3224.11,3101.631147820639,0.03,7e-06,1e-06,-0.000459,-0.000558,-0.000369
H2O-HDO-HD,5,9,False,4165.86,2400.4647299717226,0.02,4e-06,0.0,0.000333,-0.000241,0.000335
H2O-HDO-HD,5,10,False,4211.05,2374.70464610964,0.08,1.5e-05,1e-06,-0.000121,-4.9e-05,0.001042
H2O-HDO-HD,5,11,False,4261.34,2346.679682916641,0.15,2.9e-05,2e-06,0.000109,-0.000802,-0.001213
H2O-HDO-HD,6,6,True,2779.74,3597.4587551353725,2.98,0.00059,6.6e-05,0.001494,0.006307,0.004919
H2O-HDO-HD,6,7,False,3002.12,3330.979441194889,0.0,1e-06,0.0,0.000235,5.9e-05,1.2e-05
H2O-HDO-HD,6,8,False,4119.38,2427.5497769081753,0.76,0.00015,1.1e-05,-0.00036,-0.002498,-0.002236
H2O-HDO-HD,6,9,False,5031.77,1987.372236807326,0.01,2e-06,0.0,0.000181,0.000255,-7.7e-05
H2O-HDO-HD,6,10,False,5104.62,1959.0096814258457,1.47,0.00029,1.8e-05,0.000644,-0.002664,-0.003199
H2O-HDO-HD,6,11,False,5174.88,1932.4119593111338,0.0,1e-06,0.0,-6.3e-05,-1.5e-05,0.00018
H2O-HDO-HD,7,7,True,3163.31,3161.245657238778,0.08,1.6e-05,2e-06,0.000536,0.000914,-0.000682
H2O-HDO-HD,7,8,False,4340.84,2303.7015877111344,0.0,0.0,0.0,7e-05,-0.000125,0.000104
H2O-HDO-HD,7,9,False,5222.71,1914.7147745136147,2.32,0.000459,2.7e-05,0.005209,0.000183,0.000515
H2O-HDO-HD,7,10,False,5327.31,1877.119972368794,0.0,0.0,0.0,-0.000133,4.4e-05,-7e-05
H2O-HDO-HD,7,11,False,5362.5,1864.801864801865,3.27,0.000646,3.8e-05,-0.005721,-0.002021,0.000896
H2O-HDO-HD,8,8,True,5396.4,1853.087243347417,0.66,0.000131,8e-06,-0.000535,-0.00212,-0.001671
H2O-HDO-HD,8,9,False,6369.16,1570.0657543537923,0.05,1e-05,1e-06,0.000584,0.000373,0.000163
H2O-HDO-HD,8,10,False,6455.48,1549.0714865509615,0.15,3e-05,1e-06,0.000915,0.000312,-0.000733
H2O-HDO-HD,8,11,False,6513.55,1535.2611095332038,0.01,1e-06,0.0,-0.000197,-0.000114,-6.5e-05
H2O-HDO-HD,9,9,True,7103.76,1407.7052152662816,0.03,6e-06,0.0,-0.000517,3.7e-05,-0.000123
H2O-HDO-HD,9,10,False,7354.92,1359.6340952722803,0.05,1e-05,0.0,-0.000586,3.6e-05,0.000245
H2O-HDO-HD,9,11,False,7385.34,1354.0338020998356,0.78,0.000154,7e-06,0.001433,0.001719,-0.001232
H2O-HDO-HD,10,10,True,7296.47,1370.5257473819531,1.42,0.000282,1.2e-05,-0.001238,0.001583,0.002832
H2O-HDO-HD,10,11,False,7498.54,1333.5929394255415,0.05,1e-05,0.0,0.000529,-4.4e-05,-0.00039
H2O-HDO-HD,11,11,True,7410.91,1349.3619541999565,0.98,0.000195,8e-06,0.002542,0.001163,-0.000625
H2O-HDO-HH,0,0,True,184.78,54118.41108345059,0.48,9.6e-05,0.000162,0.012019,-0.001612,0.003811
H2O-HDO-HH,0,1,False,199.56,50110.24253357386,1.73,0.000342,0.000534,-0.008255,-0.020809,0.005767
H2O-HDO-HH,0,2,False,196.62,50859.52598921778,0.66,0.00013,0.000207,0.013173,-0.004257,0.003901
H2O-HDO-HH,0,3,False,248.03,40317.703503608434,0.85,0.000169,0.000213,-0.014371,-0.00039,-0.00247
H2O-HDO-HH,0,4,False,397.38,25164.82963410338,0.44,8.7e-05,6.9e-05,0.004546,-0.000997,0.006851
H2O-HDO-HH,0,5,False,550.92,18151.45574675089,1.11,0.000219,0.000124,-0.002648,0.005412,-0.009361
H2O-HDO-HH,0,6,False,1493.77,6694.471036371061,0.49,9.7e-05,2e-05,-0.003131,0.002651,-0.001868
H2O-HDO-HH,0,7,False,1697.11,5892.369970125685,0.38,7.4e-05,1.4e-05,0.001147,-0.001913,-0.002952
H2O-HDO-HH,0,8,False,2828.0,3536.067892503536,1.26,0.000249,2.8e-05,-0.001446,-0.001834,-0.004697
H2O-HDO-HH,0,9,False,3734.34,2677.849365617485,0.74,0.000147,1.2e-05,-0.00167,0.001509,0.002681
H2O-HDO-HH,0,10,False,3824.75,2614.5499705863126,0.09,1.8e-05,1e-06,0.000561,0.000163,0.001056
H2O-HDO-HH,0,11,False,3865.7,2586.853609954213,0.39,7.7e-05,6e-06,-7.8e-05,-0.000967,-0.002305
H2O-HDO-HH,1,1,True,242.79,41187.85781951481,1.53,0.000304,0.00039,-0.008508,-0.017438,0.003724
H2O-HDO-HH,1,2,False,228.33,43796.25979941313,0.12,2.3e-05,3.1e-05,-0.001756,0.000504,0.005306
H2O-HDO-HH,1,3,False,275.24,36331.92849876471,0.22,4.3e-05,4.9e-05,0.005484,0.001374,0.004125
H2O-HDO-HH,1,4,False,425.83,23483.549773383747,0.29,5.8e-05,4.2e-05,0.002842,0.004919,-0.003172
H2O-HDO-HH,1,5,False,578.07,17298.943034580585,0.39,7.7e-05,4.2e-05,-0.003023,0.005684,0.000285
H2O-HDO-HH,1,6,False,1518.15,6586.964397457431,0.09,1.8e-05,4e-06,0.000124,-0.001693,0.000864
H2O-HDO-HH,1,7,False,1729.15,5783.188271694185,0.82,0.000162,2.9e-05,-0.000916,-0.001199,-0.005196
H2O-HDO-HH,1,8,False,2849.46,3509.436875758916,0.05,9e-06,1e-06,-0.000201,0.000206,-0.000958
H2O-HDO-HH,1,9,False,3751.92,2665.302032026269,0.1,1.9e-05,2e-06,0.000907,-0.000403,0.000765
H2O-HDO-HH,1,10,False,3847.71,2598.9484654508788,0.05,1.1e-05,1e-06,0.000743,-0.000457,-0.000306
H2O-HDO-HH,1,11,False,3883.18,2575.208978208582,1.1,0.000217,1.7e-05,-0.001494,0.001954,0.003376
H2O-HDO-HH,2,2,True,199.78,50055.06056662329,1.44,0.000284,0.000444,0.019313,0.004129,-0.007317
H2O-HDO-HH,2,3,False,252.06,39673.093707847336,3.36,0.000664,0.000822,-0.02729,0.001183,0.008724
H2O-HDO-HH,2,4,False,410.74,24346.30179675707,0.55,0.000108,8.2e-05,0.002503,-0.007907,-0.003694
H2O-HDO-HH,2,5,False,574.77,17398.263653287402,1.89,0.000375,0.000203,-0.005906,-0.004838,-0.012046
H2O-HDO-HH,2,6,False,1510.26,6621.376451736787,0.14,2.8e-05,6e-06,-0.002217,0.00085,0.00026
H2O-HDO-HH,2,7,False,1710.56,5846.038724160509,0.03,7e-06,1e-06,0.000411,-0.000393,0.000946
H2O-HDO-HH,2,8,False,2845.31,3514.5555317346793,0.15,2.9e-05,3e-06,0.001346,-0.001082,0.000445
H2O-HDO-HH,2,9,False,3754.88,2663.200954491222,0.42,8.3e-05,7e-06,-0.001881,0.001529,-0.001026
H2O-HDO-HH,2,10,False,3845.72,2600.2933130857164,0.47,9.4e-05,8e-06,0.002131,-0.00011,-0.001744
H2O-HDO-HH,2,11,False,3886.81,2572.803918894929,0.01,3e-06,0.0,0.000115,-0.00037,-0.000254
H2O-HDO-HH,3,3,True,308.52,32412.80954233113,3.14,0.000622,0.000629,-0.016895,-0.018077,0.004122
H2O-HDO-HH,3,4,False,440.6,22696.323195642304,0.54,0.000106,7.5e-05,-0.006329,-0.00478,0.003532
H2O-HDO-HH,3,5,False,614.91,16262.542485892245,2.09,0.000415,0.00021,-0.001823,-0.000944,-0.014358
H2O-HDO-HH,3,6,False,1558.77,6415.314639106475,0.04,8e-06,2e-06,0.000225,-0.001111,0.000628
H2O-HDO-HH,3,7,False,1761.35,5677.4633093933635,0.04,7e-06,1e-06,0.000586,-0.000966,-0.000196
H2O-HDO-HH,3,8,False,2893.66,3455.8310236862662,0.11,2.3e-05,2e-06,-0.000427,0.001493,0.00015
H2O-HDO-HH,3,9,False,3802.95,2629.537595813776,0.8,0.000159,1.3e-05,0.003533,-0.000759,8.9e-05
H2O-HDO-HH,3,10,False,3892.87,2568.79885534323,0.25,5e-05,4e-06,0.000786,-0.001417,0.001169
H2O-HDO-HH,3,11,False,3961.56,2524.258120538374,0.44,8.8e-05,7e-06,0.00256,-0.0005,-0.000314
H2O-HDO-HH,4,4,True,540.9,18487.705675725643,1.66,0.000329,0.00019,0.010128,-0.008498,0.003908
H2O-HDO-HH,4,5,False,750.8,13319.126265316996,0.06,1.1e-05,5e-06,-0.000611,-0.00076,-0.001951
H2O-HDO-HH,4,6,False,1696.26,5895.32265100869,0.32,6.4e-05,1.2e-05,-0.003339,0.000789,0.00014
H2O-HDO-HH,4,7,False,1889.48,5292.461417956263,0.19,3.7e-05,6e-06,-0.002392,0.00055,0.000401
H2O-HDO-HH,4,8,False,3032.47,3297.641856308554,0.17,3.3e-05,3e-06,0.001506,-0.001044,-0.000199
H2O-HDO-HH,4,9,False,3961.18,2524.50027517053,0.38,7.5e-05,6e-06,-0.002343,0.000661,4.8e-05
H2O-HDO-HH,4,10,False,4031.53,2480.447869667347,0.47,9.2e-05,7e-06,-0.002427,0.000957,-0.000563
H2O-HDO-HH,4,11,False,4070.31,2456.815328562198,0.24,4.8e-05,4e-06,0.001393,-0.001324,4.8e-05
H2O-HDO-HH,5,5,True,876.45,11409.66398539563,1.14,0.000225,8e-05,0.007989,-0.004036,0.000309
H2O-HDO-HH,5,6,False,1881.92,5313.7221560959015,0.04,7e-06,1e-06,0.00109,-5.5e-05,0.000122
H2O-HDO-HH,5,7,False,2094.49,4774.431961957327,0.1,2e-05,3e-06,0.000225,0.000534,0.001624
H2O-HDO-HH,5,8,False,3215.95,3109.501080551626,0.03,7e-06,1e-06,-0.000575,-0.000338,-0.00046
H2O-HDO-HH,5,9,False,4160.63,2403.4821649605947,0.02,4e-06,0.0,0.000365,-0.000371,0.000129
H2O-HDO-HH,5,10,False,4213.08,2373.560435595811,0.08,1.5e-05,1e-06,6.4e-05,-0.000483,0.000933
H2O-HDO-HH,5,11,False,4258.77,2348.0958117015,0.15,2.9e-05,2e-06,0.000198,0.000214,0.001429
H2O-HDO-HH,6,6,True,2776.18,3602.0719117636468,2.98,0.00059,6.6e-05,-0.003021,-0.003606,-0.00665
H2O-HDO-HH,6,7,False,3001.19,3332.0116353846306,0.0,1e-06,0.0,0.000238,4.3e-05,-1.4e-05
H2O-HDO-HH,6,8,False,4112.51,2431.605029531843,0.76,0.00015,1.1e-05,-0.001019,-0.00131,-0.002936
H2O-HDO-HH,6,9,False,5028.51,1988.6606569341614,0.01,2e-06,0.0,0.000191,0.000259,-2e-06
H2O-HDO-HH,6,10,False,5108.08,1957.6827301060282,1.47,0.00029,1.8e-05,-0.000227,-0.001077,-0.004063
H2O-HDO-HH,6,11,False,5173.56,1932.9050015849818,0.0,1e-06,0.0,3.1e-05,8.8e-05,-0.000167
H2O-HDO-HH,7,7,True,3165.29,3159.268187117136,0.08,1.6e-05,2e-06,-0.000501,-0.001105,0.000341
H2O-HDO-HH,7,8,False,4336.43,2306.0443729058234,0.0,0.0,0.0,-7.3e-05,0.000159,-2.7e-05
H2O-HDO-HH,7,9,False,5222.22,1914.894431869971,2.32,0.000459,2.7e-05,-0.005206,0.000172,0.000545
H2O-HDO-HH,7,10,False,5333.27,1875.0222658894072,0.0,0.0,0.0,0.000138,-7.3e-05,1.6e-05
H2O-HDO-HH,7,11,False,5364.12,1864.2386822069604,3.27,0.000647,3.8e-05,-0.005656,-0.002079,0.001148
H2O-HDO-HH,8,8,True,5385.84,1856.7205858324792,0.66,0.000131,8e-06,0.00105,0.001202,0.002242
H2O-HDO-HH,8,9,False,6362.46,1571.719114933532,0.05,1e-05,1e-06,-0.000641,-0.000256,-0.000177
H2O-HDO-HH,8,10,False,6455.28,1549.1194804872912,0.15,3e-05,1e-06,-0.000798,-0.000571,0.000713
H2O-HDO-HH,8,11,False,6508.78,1536.3862352084416,0.01,1e-06,0.0,-0.000217,-7.1e-05,-6.4e-05
H2O-HDO-HH,9,9,True,7100.94,1408.26425797148,0.03,6e-06,0.0,0.000524,-9.8e-05,-1.3e-05
H2O-HDO-HH,9,10,False,7358.55,1358.9633827316522,0.05,1e-05,0.0,0.000526,5.7e-05,-0.000353
H2O-HDO-HH,9,11,False,7383.4,1354.3895766178184,0.78,0.000155,7e-06,0.001368,0.002047,-0.000686
H2O-HDO-HH,10,10,True,7306.67,1368.6125143191084,1.43,0.000282,1.2e-05,0.000536,-0.000267,-0.00342
H2O-HDO-HH,10,11,False,7504.1,1332.6048426859982,0.05,1e-05,0.0,0.000443,0.000113,-0.000473
H2O-HDO-HH,11,11,True,7411.89,1349.183541579813,0.98,0.000195,8e-06,-0.002501,-0.00126,0.000603
H2O,0,0,True,3127.57,3197.3704825151794,0.12,2.3e-05,2e-06,0.0,0.001519,0.0
H2O,0,1,False,5259.15,1901.447952615917,0.04,9e-06,1e-06,-1e-06,0.000714,-0.0
H2O,0,2,False,5343.27,1871.5131370864656,3.83,0.000759,4.4e-05,0.006657,0.0,-0.0
H2O,1,1,True,7302.09,1369.4709322947265,0.3,6e-05,3e-06,-1e-06,0.001604,-0.0
H2O,1,2,False,7315.19,1367.0184916591368,2.57,0.000509,2.2e-05,0.00466,0.0,-0.0
H2O,2,2,True,7465.97,1339.4106860863358,0.0,0.0,0.0,1e-06,7e-05,-0.0
HDO-D2O-DX,0,0,True,164.56,60768.108896451144,0.23,4.6e-05,8.7e-05,-0.009283,0.000216,0.000752
HDO-D2O-DX,0,1,False,112.29,89055.12512245079,0.09,1.8e-05,5e-05,-0.001159,-0.001577,-0.006782
HDO-D2O-DX,0,2,False,178.82,55922.15635834918,1.11,0.000221,0.000385,-0.004574,0.018755,-0.003488
HDO-D2O-DX,0,3,False,157.95,63311.17442228554,0.03,7e-06,1.3e-05,-0.00042,-0.000796,-0.003548
HDO-D2O-DX,0,4,False,209.81,47662.17053524617,0.15,3e-05,4.4e-05,-0.000643,-0.001472,-0.006455
HDO-D2O-DX,0,5,False,465.52,21481.354184567797,0.36,7.1e-05,4.7e-05,0.000376,-0.006728,0.001376
HDO-D2O-DX,0,6,False,1262.09,7923.365211672703,0.15,3e-05,8e-06,0.000285,0.000604,0.002662
HDO-D2O-DX,0,7,False,1478.55,6763.383044198708,0.2,4e-05,8e-06,-0.000267,-0.000618,-0.002815
HDO-D2O-DX,0,8,False,2754.36,3630.6074732424227,0.04,9e-06,1e-06,9.7e-05,0.000213,0.00097
HDO-D2O-DX,0,9,False,2777.35,3600.5544853907504,0.53,0.000105,1.2e-05,-0.00033,-0.000741,-0.003345
HDO-D2O-DX,0,10,False,2884.15,3467.226045802056,0.39,7.7e-05,8e-06,0.00239,0.001506,-0.000566
HDO-D2O-DX,0,11,False,3818.79,2618.6305086166035,0.51,0.000101,8e-06,0.000279,0.000616,0.002794
HDO-D2O-DX,1,1,True,57.7,173310.2253032929,0.54,0.000106,0.000573,-0.023577,0.00386,0.001585
HDO-D2O-DX,1,2,False,148.59,67299.2798977051,0.04,8e-06,1.7e-05,0.000421,0.000521,0.004018
HDO-D2O-DX,1,3,False,104.32,95858.89570552149,0.7,0.000139,0.000415,-0.020281,0.000651,0.001853
HDO-D2O-DX,1,4,False,10.29,971817.2983479106,0.02,3e-06,0.000103,-0.006992,-0.007001,0.00226
HDO-D2O-DX,1,5,False,416.43,24013.63974737651,0.58,0.000114,8.5e-05,-0.000875,-0.001946,-0.008995
HDO-D2O-DX,1,6,False,1212.58,8246.878556466378,0.36,7.2e-05,1.9e-05,-0.004132,-0.000993,0.000686
HDO-D2O-DX,1,7,False,1427.25,7006.480994920301,0.02,5e-06,1e-06,0.000807,-0.000631,0.000107
HDO-D2O-DX,1,8,False,2704.26,3697.8692877164176,0.42,8.3e-05,1e-05,-0.002889,-0.001011,0.000501
HDO-D2O-DX,1,9,False,2724.69,3670.1422914166383,0.1,2.1e-05,2e-06,-0.000828,0.00129,-0.000171
HDO-D2O-DX,1,10,False,2836.94,3524.92474285674,0.05,9e-06,1e-06,-8.5e-05,-0.000211,-0.000984
HDO-D2O-DX,1,11,False,3769.22,2653.068804686381,0.09,1.8e-05,1e-06,0.001056,-0.000596,-1.8e-05
HDO-D2O-DX,2,2,True,213.23,46897.71608122685,2.69,0.000532,0.000779,0.012205,-0.024802,0.003863
HDO-D2O-DX,2,3,False,181.18,55193.72999227288,0.12,2.4e-05,4.2e-05,-0.000556,-0.001404,-0.006277
HDO-D2O-DX,2,4,False,217.41,45996.044340186745,0.01,1e-06,2e-06,-0.000111,-0.000357,-0.001396
HDO-D2O-DX,2,5,False,504.01,19840.876173091805,0.33,6.6e-05,4.1e-05,0.003458,0.005184,-0.001466
HDO-D2O-DX,2,6,False,1284.52,7785.00918631084,0.0,0.0,0.0,-3.4e-05,-3.6e-05,-8.4e-05
HDO-D2O-DX,2,7,False,1508.43,6629.409385917808,0.61,0.00012,2.5e-05,0.000458,0.001064,0.004851
HDO-D2O-DX,2,8,False,2772.14,3607.321419553125,0.11,2.2e-05,2e-06,-0.000148,-0.000337,-0.001537
HDO-D2O-DX,2,9,False,2795.83,3576.7553821226616,0.01,2e-06,0.0,3.7e-05,9.6e-05,0.000492
HDO-D2O-DX,2,10,False,2906.56,3440.493229109325,0.0,1e-06,0.0,-0.000217,0.000184,-1.2e-05
HDO-D2O-DX,2,11,False,3827.9,2612.398443010528,1.26,0.000249,2e-05,0.000464,0.000991,0.004366
HDO-D2O-DX,3,3,True,142.03,70407.66035344645,0.3,6e-05,0.000132,0.010961,0.003024,-0.001734
HDO-D2O-DX,3,4,False,43.22,231374.36372049976,0.04,8e-06,6e-05,-0.004596,0.006206,-0.000918
HDO-D2O-DX,3,5,False,452.28,22110.19722295923,0.82,0.000163,0.000112,0.001017,0.002276,0.010296
HDO-D2O-DX,3,6,False,1252.43,7984.478174428909,0.03,6e-06,1e-06,0.000489,0.001065,-0.000283
HDO-D2O-DX,3,7,False,1470.2,6801.795674057951,0.11,2.2e-05,5e-06,-0.000795,-0.001948,0.000508
HDO-D2O-DX,3,8,False,2745.96,3641.7136447726843,0.38,7.5e-05,9e-06,-0.002859,-0.000455,0.00038
HDO-D2O-DX,3,9,False,2767.03,3613.9832238898744,0.27,5.4e-05,6e-06,0.001716,0.001681,-0.000536
HDO-D2O-DX,3,10,False,2876.47,3476.4833285241984,0.03,5e-06,1e-06,-7e-05,-0.000159,-0.000719
HDO-D2O-DX,3,11,False,3810.06,2624.630583245408,0.05,9e-06,1e-06,0.000862,1.7e-05,-8.8e-05
HDO-D2O-DX,4,4,True,200.39,49902.68975497779,0.36,7.2e-05,0.000112,-0.007983,-0.006542,0.002246
HDO-D2O-DX,4,5,False,516.91,19345.72749608249,0.01,2e-06,1e-06,-0.000105,-0.000225,-0.001035
HDO-D2O-DX,4,6,False,1295.68,7717.955050629785,0.17,3.3e-05,8e-06,0.002753,0.000468,-0.000372
HDO-D2O-DX,4,7,False,1511.25,6617.038875103392,0.16,3.1e-05,6e-06,-0.001951,0.001583,-0.000159
HDO-D2O-DX,4,8,False,2801.84,3569.0831739142845,0.13,2.5e-05,3e-06,-0.00153,-0.000633,0.000289
HDO-D2O-DX,4,9,False,2810.61,3557.946495600599,0.35,6.9e-05,8e-06,0.002441,0.00122,-0.000507
HDO-D2O-DX,4,10,False,2920.55,3424.012600366369,0.01,3e-06,0.0,-5.4e-05,-0.00012,-0.000544
HDO-D2O-DX,4,11,False,3851.07,2596.6809224449307,0.39,7.7e-05,6e-06,-0.002397,-0.0006,0.000367
HDO-D2O-DX,5,5,True,741.33,13489.26928628276,0.47,9.4e-05,3.9e-05,-0.005588,-0.002631,0.001127
HDO-D2O-DX,5,6,False,1569.73,6370.522319124945,0.0,0.0,0.0,1.7e-05,3.6e-05,0.00016
HDO-D2O-DX,5,7,False,1794.68,5572.0239819912185,0.07,1.4e-05,2e-06,-0.000147,-0.000334,-0.001512
HDO-D2O-DX,5,8,False,3081.31,3245.3729095741746,0.0,1e-06,0.0,-1.9e-05,-4.9e-05,-0.000221
HDO-D2O-DX,5,9,False,3083.77,3242.783994915315,0.03,6e-06,1e-06,7.2e-05,0.000161,0.000729
HDO-D2O-DX,5,10,False,3192.26,3132.576920426281,0.02,4e-06,0.0,0.000325,-0.000532,8.4e-05
HDO-D2O-DX,5,11,False,4126.39,2423.4258031838967,0.1,1.9e-05,1e-06,0.000114,0.000258,0.001164
HDO-D2O-DX,6,6,True,2331.24,4289.562636193614,0.02,4e-06,1e-06,-0.000586,0.000486,-5e-05
HDO-D2O-DX,6,7,False,2567.65,3894.6118045683793,0.0,0.0,0.0,0.00011,-1.8e-05,-7e-06
HDO-D2O-DX,6,8,False,3836.02,2606.8685773275424,0.0,1e-06,0.0,0.00019,-0.000128,1e-05
HDO-D2O-DX,6,9,False,3858.79,2591.4859321186177,0.01,2e-06,0.0,-0.000364,0.000195,-7e-06
HDO-D2O-DX,6,10,False,3963.66,2522.9207348763516,1.53,0.000302,2.4e-05,-0.000465,-0.001044,-0.004741
HDO-D2O-DX,6,11,False,4909.83,2036.7303959607564,0.0,0.0,0.0,-1.5e-05,4.2e-05,-8e-06
HDO-D2O-DX,7,7,True,2759.9,3623.319685495851,3.74,0.00074,8.4e-05,0.009049,-0.001158,-0.000629
HDO-D2O-DX,7,8,False,4038.71,2476.0381408915223,1.65,0.000327,2.5e-05,0.005004,-0.000238,-0.000436
HDO-D2O-DX,7,9,False,4082.02,2449.7675170626308,0.02,5e-06,0.0,-0.000566,0.000201,1.1e-05
HDO-D2O-DX,7,10,False,4190.93,2386.105232012942,0.0,0.0,0.0,-3e-06,-7e-06,-3.3e-05
HDO-D2O-DX,7,11,False,5108.76,1957.4221533209623,1.25,0.000247,1.5e-05,-0.003471,0.001742,-4.5e-05
HDO-D2O-DX,8,8,True,5227.78,1912.8578478818927,0.09,1.8e-05,1e-06,-0.000993,0.000332,2.4e-05
HDO-D2O-DX,8,9,False,5345.29,1870.8058870519653,0.04,7e-06,0.0,0.00065,-0.000102,-4.1e-05
HDO-D2O-DX,8,10,False,5457.15,1832.45833447862,0.0,0.0,0.0,-1.3e-05,-3.1e-05,-0.00014
HDO-D2O-DX,8,11,False,6387.13,1565.6484211218497,0.21,4.1e-05,2e-06,0.000275,-0.001354,0.000272
HDO-D2O-DX,9,9,True,5341.3,1872.2033961769605,0.25,4.9e-05,3e-06,-0.001389,0.000975,-7.8e-05
HDO-D2O-DX,9,10,False,5411.64,1847.868668278008,1.23,0.000243,1.4e-05,-0.000357,-0.000801,-0.003638
HDO-D2O-DX,9,11,False,6424.51,1556.538942269527,0.0,1e-06,0.0,-1e-05,0.000167,-3.6e-05
HDO-D2O-DX,10,10,True,5547.15,1802.7275267479697,0.01,2e-06,0.0,-0.000309,0.000161,-6e-06
HDO-D2O-DX,10,11,False,6533.35,1530.6083402848462,0.0,0.0,0.0,-6e-06,-1.2e-05,-5.7e-05
HDO-D2O-DX,11,11,True,7313.43,1367.3474689714676,1.44,0.000286,1.2e-05,0.00286,-0.001996,0.000161
HDO-D2O-HX,0,0,True,152.42,65608.18790185015,5.29,0.001046,0.002142,0.046217,0.000101,0.002447
HDO-D2O-HX,0,1,False,164.39,60830.95078776082,0.37,7.3e-05,0.000138,-0.006595,-5.1e-05,-0.009733
HDO-D2O-HX,0,2,False,164.06,60953.30976472022,0.03,5e-06,1e-05,6.4e-05,-0.003134,-3.2e-05
HDO-D2O-HX,0,3,False,201.15,49714.143673875216,0.05,1e-05,1.5e-05,1e-06,-0.003911,2.2e-05
HDO-D2O-HX,0,4,False,318.83,31364.67710064925,1.14,0.000225,0.000221,-2e-05,-0.014851,5.5e-05
HDO-D2O-HX,0,5,False,522.61,19134.72761715237,0.61,0.000121,7.2e-05,0.003069,-3.6e-05,-0.007935
HDO-D2O-HX,0,6,False,1257.2,7954.183900731785,0.28,5.6e-05,1.4e-05,9e-06,0.003722,-1.9e-05
HDO-D2O-HX,0,7,False,1513.03,6609.254277839831,0.08,1.6e-05,3e-06,-5e-06,0.001789,-3e-06
HDO-D2O-HX,0,8,False,2768.53,3612.025154143173,0.24,4.8e-05,5e-06,1e-06,0.002322,-5e-06
HDO-D2O-HX,0,9,False,2828.08,3535.967865124042,0.05,1e-05,1e-06,-5e-06,-0.001042,7e-06
HDO-D2O-HX,0,10,False,2876.89,3475.9757933045757,0.24,4.8e-05,5e-06,0.002115,-1.5e-05,-0.000861
HDO-D2O-HX,0,11,False,3708.97,2696.1663211080167,0.32,6.3e-05,5e-06,-8e-06,0.002309,-7e-06
HDO-D2O-HX,1,1,True,159.19,62818.01620704818,0.72,0.000143,0.00028,-0.016654,-3.3e-05,-0.001765
HDO-D2O-HX,1,2,False,159.76,62593.89083625439,0.1,1.9e-05,3.8e-05,-2.1e-05,-0.006128,-1e-06
HDO-D2O-HX,1,3,False,204.71,48849.59210590591,0.0,0.0,0.0,5.4e-05,7e-05,0.0
HDO-D2O-HX,1,4,False,289.94,34489.89446092295,0.12,2.4e-05,2.5e-05,7e-06,-0.005048,2.3e-05
HDO-D2O-HX,1,5,False,552.26,18107.413174953825,0.04,7e-06,4e-06,-0.000835,1.5e-05,-0.001846
HDO-D2O-HX,1,6,False,1259.56,7939.280383626028,0.02,4e-06,1e-06,2.7e-05,-0.001042,-1.1e-05
HDO-D2O-HX,1,7,False,1507.62,6632.971173107282,0.05,1e-05,2e-06,7e-06,-0.001439,5e-06
HDO-D2O-HX,1,8,False,2769.97,3610.147402318437,0.03,6e-06,1e-06,7e-06,-0.000797,5e-06
HDO-D2O-HX,1,9,False,2831.19,3532.083682126597,0.05,1e-05,1e-06,1e-06,-0.001042,6e-06
HDO-D2O-HX,1,10,False,2879.25,3473.126682295737,0.18,3.5e-05,4e-06,0.001613,4e-06,-0.001104
HDO-D2O-HX,1,11,False,3718.54,2689.2274925105016,0.09,1.8e-05,1e-06,-1.7e-05,0.001223,-2e-06
HDO-D2O-HX,2,2,True,151.33,66080.75067732768,1.76,0.000349,0.00072,-0.026184,4e-05,-0.005871
HDO-D2O-HX,2,3,False,200.86,49785.920541670814,1.06,0.000211,0.000327,0.017984,-6e-06,0.00196
HDO-D2O-HX,2,4,False,262.02,38165.02557056714,0.53,0.000105,0.000125,-0.009537,2.3e-05,0.005809
HDO-D2O-HX,2,5,False,538.48,18570.791858564848,1.31,0.000258,0.00015,1.5e-05,0.012236,-2.8e-05
HDO-D2O-HX,2,6,False,1259.25,7941.234862021044,0.53,0.000105,2.6e-05,-0.005,-1e-06,0.001068
HDO-D2O-HX,2,7,False,1502.4,6656.01703940362,0.06,1.2e-05,2e-06,5.3e-05,0.0,0.00156
HDO-D2O-HX,2,8,False,2769.0,3611.4120621162874,0.1,2e-05,2e-06,0.001053,-1e-06,0.00106
HDO-D2O-HX,2,9,False,2828.13,3535.9053508855673,0.05,1e-05,1e-06,0.000243,2e-06,0.001048
HDO-D2O-HX,2,10,False,2875.52,3477.6318718005787,0.05,1e-05,1e-06,2.4e-05,-0.001038,-5e-06
HDO-D2O-HX,2,11,False,3717.24,2690.1679740883023,1.06,0.000209,1.8e-05,-0.004124,-4e-06,0.000744
HDO-D2O-HX,3,3,True,239.88,41687.5104218776,0.49,9.6e-05,0.000125,0.009961,-1.1e-05,-0.005122
HDO-D2O-HX,3,4,False,300.26,33304.469459801505,0.19,3.8e-05,4e-05,0.0016,1.6e-05,0.006117
HDO-D2O-HX,3,5,False,576.75,17338.534893801472,2.72,0.000538,0.000291,1e-05,0.017064,-5.6e-05
HDO-D2O-HX,3,6,False,1301.6,7682.851874615858,0.03,6e-06,2e-06,-0.000748,2e-06,0.000999
HDO-D2O-HX,3,7,False,1549.05,6455.569542622898,0.04,9e-06,2e-06,-0.001094,-2e-06,-0.000724
HDO-D2O-HX,3,8,False,2813.6,3554.1654819448395,0.12,2.3e-05,3e-06,0.000739,-3e-06,-0.001434
HDO-D2O-HX,3,9,False,2872.22,3481.627451936133,0.0,1e-06,0.0,0.000256,0.0,-0.000117
HDO-D2O-HX,3,10,False,2921.35,3423.0749482259916,0.02,4e-06,0.0,0.0,0.000672,-2e-06
HDO-D2O-HX,3,11,False,3760.46,2659.249134414407,0.17,3.4e-05,3e-06,0.001503,-2e-06,-0.000723
HDO-D2O-HX,4,4,True,393.2,25432.3499491353,0.75,0.000148,0.000117,-0.009521,1.9e-05,0.00514
HDO-D2O-HX,4,5,False,660.28,15145.089961834374,0.02,4e-06,2e-06,1e-06,0.001455,-4e-06
HDO-D2O-HX,4,6,False,1392.26,7182.566474652723,0.17,3.3e-05,7e-06,0.002708,-1e-06,-0.000299
HDO-D2O-HX,4,7,False,1627.01,6146.243723148597,0.28,5.6e-05,1.1e-05,0.002136,-8e-06,-0.002493
HDO-D2O-HX,4,8,False,2904.71,3442.684467640487,0.3,6e-05,6e-06,-0.002306,3e-06,0.001047
HDO-D2O-HX,4,9,False,2959.69,3378.7322320918743,0.28,5.6e-05,6e-06,-0.002147,3e-06,0.001154
HDO-D2O-HX,4,10,False,3012.73,3319.248654874483,0.02,3e-06,0.0,-0.0,-0.000595,1e-06
HDO-D2O-HX,4,11,False,3868.1,2585.248571650164,1.15,0.000227,1.8e-05,-0.004217,-2e-06,-0.00073
HDO-D2O-HX,5,5,True,862.3,11596.892032935173,1.1,0.000217,7.9e-05,-0.008238,1.8e-05,0.003292
HDO-D2O-HX,5,6,False,1656.28,6037.626488274929,0.0,0.0,0.0,-1e-06,-0.000224,1e-06
HDO-D2O-HX,5,7,False,1904.22,5251.494050057241,0.06,1.1e-05,2e-06,0.0,-0.001372,4e-06
HDO-D2O-HX,5,8,False,3162.82,3161.7354133336703,0.04,8e-06,1e-06,-0.0,0.000875,-3e-06
HDO-D2O-HX,5,9,False,3220.57,3105.0404121009633,0.07,1.5e-05,1e-06,0.0,-0.001187,4e-06
HDO-D2O-HX,5,10,False,3270.34,3057.7860405951674,0.03,6e-06,1e-06,-0.00054,-1e-06,-0.000518
HDO-D2O-HX,5,11,False,4148.74,2410.3703775122085,0.03,6e-06,0.0,2e-06,0.000656,-3e-06
HDO-D2O-HX,6,6,True,2332.29,4287.631469499934,0.02,5e-06,1e-06,-0.000545,-1e-06,-0.000553
HDO-D2O-HX,6,7,False,2602.02,3843.168000245963,0.0,0.0,0.0,-0.000172,-0.0,-9e-06
HDO-D2O-HX,6,8,False,3856.98,2592.70206223522,0.01,2e-06,0.0,0.000332,0.0,0.000204
HDO-D2O-HX,6,9,False,3923.83,2548.530389950635,0.0,0.0,0.0,-9e-06,-0.0,-2.5e-05
HDO-D2O-HX,6,10,False,3962.51,2523.6529371534707,1.53,0.000302,2.4e-05,-1e-06,-0.004877,1.2e-05
HDO-D2O-HX,6,11,False,4799.47,2083.5633934580273,0.02,3e-06,0.0,0.000394,0.0,0.000225
HDO-D2O-HX,7,7,True,2822.61,3542.8202975260483,0.07,1.4e-05,2e-06,-0.0011,-2e-06,-0.000607
HDO-D2O-HX,7,8,False,4114.45,2430.4585059971564,0.0,1e-06,0.0,0.000132,-1e-06,-0.000227
HDO-D2O-HX,7,9,False,4164.14,2401.4562430657948,0.75,0.000149,1.1e-05,0.002515,7e-06,0.002192
HDO-D2O-HX,7,10,False,4222.2,2368.433518071148,0.0,0.0,0.0,0.0,3.9e-05,0.0
HDO-D2O-HX,7,11,False,5038.9,1984.5601222489038,4.22,0.000835,5.2e-05,-0.007056,-4e-06,-0.001386
HDO-D2O-HX,8,8,True,5335.6,1874.2034635280004,0.21,4.1e-05,2e-06,-0.001128,-2e-06,-0.001054
HDO-D2O-HX,8,9,False,5435.92,1839.6150053716758,0.0,0.0,0.0,-0.000102,-0.0,-7.7e-05
HDO-D2O-HX,8,10,False,5405.42,1849.9950050134864,1.21,0.00024,1.4e-05,1e-06,0.003724,-9e-06
HDO-D2O-HX,8,11,False,6310.14,1584.750893007128,0.08,1.6e-05,1e-06,-0.000824,-1e-06,-0.000369
HDO-D2O-HX,9,9,True,5414.27,1846.9710598104637,0.75,0.000148,9e-06,0.002201,6e-06,0.001917
HDO-D2O-HX,9,10,False,5543.63,1803.872192047449,0.0,0.0,0.0,0.0,8e-06,-0.0
HDO-D2O-HX,9,11,False,6364.8,1571.14127702363,0.11,2.1e-05,1e-06,-0.00035,3e-06,0.000955
HDO-D2O-HX,10,10,True,5541.02,1804.7218743119497,0.01,2e-06,0.0,-0.000286,-1e-06,-0.000188
HDO-D2O-HX,10,11,False,6417.94,1558.1323602277366,0.02,5e-06,0.0,0.0,0.000487,-1e-06
HDO-D2O-HX,11,11,True,7061.75,1416.0795836726024,0.14,2.8e-05,1e-06,-0.000837,-2e-06,-0.000738
HDO-H2O-DX,0,0,True,178.52,56016.1326462021,0.31,6.2e-05,0.000108,0.010382,-0.000183,0.000525
HDO-H2O-DX,0,1,False,189.32,52820.621170504965,1.59,0.000314,0.000518,-0.007891,-0.000355,-0.02134
HDO-H2O-DX,0,2,False,175.46,56993.04684828451,0.01,3e-06,5e-06,-0.000104,0.002135,-5.9e-05
HDO-H2O-DX,0,3,False,211.72,47232.193463064425,0.02,4e-06,6e-06,-6e-06,-0.002357,-1.1e-05
HDO-H2O-DX,0,4,False,331.73,30144.997437675218,2.02,0.0004,0.000376,0.000237,0.01939,-0.000444
HDO-H2O-DX,0,5,False,493.41,20267.12065016923,0.65,0.000128,8.1e-05,-9.1e-05,0.000164,0.008989
HDO-H2O-DX,0,6,False,1490.28,6710.148428483239,0.0,1e-06,0.0,-5.1e-05,0.000352,2e-06
HDO-H2O-DX,0,7,False,1684.81,5935.387373056903,0.82,0.000163,3e-05,7.3e-05,0.005492,-0.000176
HDO-H2O-DX,0,8,False,2769.48,3610.786140358479,0.05,1e-05,1e-06,2e-05,-0.001061,1.4e-05
HDO-H2O-DX,0,9,False,3779.56,2645.8106234588154,1.21,0.00024,2e-05,-1.4e-05,-0.004447,8e-05
HDO-H2O-DX,0,10,False,3837.9,2605.5915995726828,0.44,8.7e-05,7e-06,8e-06,-0.002663,4.8e-05
HDO-H2O-DX,0,11,False,3863.49,2588.333346275,1.02,0.000202,1.6e-05,-0.003722,0.000112,0.001563
HDO-H2O-DX,1,1,True,236.51,42281.510295547756,0.35,6.9e-05,9.1e-05,-0.004584,-2e-05,0.008355
HDO-H2O-DX,1,2,False,206.86,48341.873731025815,0.01,2e-06,3e-06,0.000193,-0.001717,0.000107
HDO-H2O-DX,1,3,False,232.27,43053.3430920911,0.04,8e-06,1.1e-05,-0.000167,-0.003239,3.3e-05
HDO-H2O-DX,1,4,False,288.6,34650.03465003465,0.39,7.7e-05,8.3e-05,0.000136,0.009091,-0.000269
HDO-H2O-DX,1,5,False,561.33,17814.832629647444,0.18,3.6e-05,2e-05,0.004414,-5.8e-05,0.000667
HDO-H2O-DX,1,6,False,1512.5,6611.570247933884,1.21,0.000239,4.9e-05,1.6e-05,-0.007014,0.000135
HDO-H2O-DX,1,7,False,1707.34,5857.064205137817,0.0,0.0,0.0,6.4e-05,-0.000139,-1.7e-05
HDO-H2O-DX,1,8,False,2788.6,3586.028831671807,0.04,8e-06,1e-06,1e-05,-0.00093,9e-06
HDO-H2O-DX,1,9,False,3800.59,2631.170423539503,0.04,8e-06,1e-06,9e-06,0.000819,-3.4e-05
HDO-H2O-DX,1,10,False,3856.66,2592.917187410869,0.03,6e-06,1e-06,3.8e-05,-0.000722,-9e-06
HDO-H2O-DX,1,11,False,3883.93,2574.711696657767,0.07,1.3e-05,1e-06,-0.000819,-3e-06,0.000626
HDO-H2O-DX,2,2,True,160.48,62313.06081754736,0.95,0.000189,0.000367,-0.017684,-2.3e-05,-0.007384
HDO-H2O-DX,2,3,False,197.36,50668.82853668423,1.62,0.00032,0.000506,0.021781,4.4e-05,0.005592
HDO-H2O-DX,2,4,False,227.9,43878.894251864855,3.75,0.000742,0.001016,-0.029389,0.000321,0.012342
HDO-H2O-DX,2,5,False,494.4,20226.53721682848,1.12,0.000222,0.00014,8.8e-05,0.011843,-0.000218
HDO-H2O-DX,2,6,False,1477.9,6766.357669666419,0.04,7e-06,2e-06,0.000987,1e-05,0.00077
HDO-H2O-DX,2,7,False,1678.58,5957.416387660999,0.07,1.3e-05,3e-06,0.001542,3.7e-05,0.000347
HDO-H2O-DX,2,8,False,2762.03,3620.525483068612,0.35,6.8e-05,8e-06,-0.002269,1.7e-05,0.001602
HDO-H2O-DX,2,9,False,3770.5,2652.168147460549,0.38,7.5e-05,6e-06,-0.001395,3.9e-05,0.002071
HDO-H2O-DX,2,10,False,3827.62,2612.5895465067065,0.08,1.6e-05,1e-06,0.000627,3.8e-05,0.000968
HDO-H2O-DX,2,11,False,3853.37,2595.1310151893017,0.07,1.3e-05,1e-06,5.5e-05,-0.00104,8e-06
HDO-H2O-DX,3,3,True,225.8,44286.97962798937,0.16,3.1e-05,4.3e-05,0.003999,0.000143,0.005187
HDO-H2O-DX,3,4,False,247.62,40384.460059769,0.52,0.000103,0.00013,0.008743,0.000142,0.007329
HDO-H2O-DX,3,5,False,520.66,19206.391887220067,1.03,0.000204,0.000122,7e-06,0.011044,-0.000245
HDO-H2O-DX,3,6,False,1509.9,6622.955162593549,0.13,2.5e-05,5e-06,0.000924,-4.7e-05,-0.002075
HDO-H2O-DX,3,7,False,1707.86,5855.2808778237095,0.12,2.4e-05,4e-06,0.001386,-3.2e-05,-0.001565
HDO-H2O-DX,3,8,False,2792.31,3581.2642579083267,0.55,0.00011,1.2e-05,0.003457,-1.1e-05,-0.000566
HDO-H2O-DX,3,9,False,3801.97,2630.215388338151,0.46,9.2e-05,8e-06,0.00166,-4.6e-05,-0.002187
HDO-H2O-DX,3,10,False,3857.41,2592.413043985472,0.06,1.3e-05,1e-06,-0.000993,-4e-06,-0.000222
HDO-H2O-DX,3,11,False,3885.8,2573.472643985794,0.06,1.1e-05,1e-06,-2e-06,0.000956,-2e-05
HDO-H2O-DX,4,4,True,342.56,29191.96637085474,2.25,0.000444,0.000405,-0.019204,0.000136,0.006
HDO-H2O-DX,4,5,False,631.64,15831.80292571718,0.03,5e-06,3e-06,7e-06,0.001596,-3.5e-05
HDO-H2O-DX,4,6,False,1594.02,6273.447008193122,0.14,2.7e-05,5e-06,-0.001818,-2.9e-05,-0.001416
HDO-H2O-DX,4,7,False,1795.05,5570.875463079023,0.43,8.5e-05,1.5e-05,-0.003703,-2.4e-05,-0.00104
HDO-H2O-DX,4,8,False,2891.04,3458.962864574686,0.39,7.8e-05,8e-06,-0.00278,1.7e-05,0.000814
HDO-H2O-DX,4,9,False,3889.91,2570.753564992506,0.8,0.000158,1.3e-05,-0.003428,2e-05,0.000953
HDO-H2O-DX,4,10,False,3940.84,2537.5300697313264,0.53,0.000105,8e-06,-0.002864,7e-06,0.000355
HDO-H2O-DX,4,11,False,3973.99,2516.3626481193965,0.06,1.1e-05,1e-06,-1e-06,-0.00094,1.8e-05
HDO-H2O-DX,5,5,True,793.1,12608.750472828142,0.84,0.000165,6.5e-05,-0.007873,3.9e-05,0.001741
HDO-H2O-DX,5,6,False,1821.5,5489.980785067252,0.06,1.2e-05,2e-06,-0.0,0.001446,-3.1e-05
HDO-H2O-DX,5,7,False,2012.61,4968.672519762895,0.0,1e-06,0.0,4e-06,0.00033,-8e-06
HDO-H2O-DX,5,8,False,3115.36,3209.901905397771,0.0,0.0,0.0,2e-06,0.000184,-5e-06
HDO-H2O-DX,5,9,False,4105.64,2435.673853528317,0.03,5e-06,0.0,1e-06,0.000621,-1.4e-05
HDO-H2O-DX,5,10,False,4160.78,2403.3955171866814,0.08,1.7e-05,1e-06,-0.0,-0.001122,2.4e-05
HDO-H2O-DX,5,11,False,4189.65,2386.8342224290814,0.06,1.3e-05,1e-06,0.0004,-1.9e-05,-0.000879
HDO-H2O-DX,6,6,True,2756.39,3627.9336378378966,3.84,0.000761,8.6e-05,0.008976,5e-05,0.002358
HDO-H2O-DX,6,7,False,2979.69,3356.05381767902,0.0,0.0,0.0,-0.000151,0.0,4e-06
HDO-H2O-DX,6,8,False,4040.3,2475.0637328911216,1.69,0.000334,2.6e-05,0.005008,1.8e-05,0.00084
HDO-H2O-DX,6,9,False,5074.13,1970.781197959059,0.0,1e-06,0.0,-7.4e-05,4e-06,0.000202
HDO-H2O-DX,6,10,False,5112.81,1955.8716244100601,1.24,0.000246,1.5e-05,-0.003223,-4.6e-05,-0.002147
HDO-H2O-DX,6,11,False,5157.92,1938.7660142072773,0.0,0.0,0.0,-0.0,-0.00016,3e-06
HDO-H2O-DX,7,7,True,3141.78,3182.9090515567605,0.04,9e-06,1e-06,-0.000636,-1.4e-05,-0.000682
HDO-H2O-DX,7,8,False,4253.27,2351.132187704989,0.01,1e-06,0.0,0.000175,-5e-06,-0.000252
HDO-H2O-DX,7,9,False,5258.75,1901.5925837889233,0.04,7e-06,0.0,-0.000548,-7e-06,-0.000373
HDO-H2O-DX,7,10,False,5329.39,1876.3873538997896,0.0,0.0,0.0,-4.7e-05,0.0,7e-06
HDO-H2O-DX,7,11,False,5338.89,1873.0485175757506,3.79,0.000749,4.4e-05,1e-06,0.006616,-0.000137
HDO-H2O-DX,8,8,True,5232.07,1911.2894131768116,0.12,2.4e-05,1e-06,-0.001075,-1.1e-05,-0.000499
HDO-H2O-DX,8,9,False,6346.75,1575.6095639500531,0.07,1.4e-05,1e-06,-0.000725,-8e-06,-0.00039
HDO-H2O-DX,8,10,False,6396.52,1563.3500716014332,0.21,4.1e-05,2e-06,9.3e-05,3e-05,0.001412
HDO-H2O-DX,8,11,False,6430.51,1555.0866105487744,0.02,4e-06,0.0,0.0,0.000452,-9e-06
HDO-H2O-DX,9,9,True,7289.18,1371.8964273073238,0.46,9.1e-05,4e-06,-0.00141,-2.8e-05,-0.001387
HDO-H2O-DX,9,10,False,7424.15,1346.9555437322792,0.0,0.0,0.0,4.2e-05,0.0,1.5e-05
HDO-H2O-DX,9,11,False,7298.13,1370.214013726804,2.51,0.000497,2.1e-05,1e-06,0.004609,-9.5e-05
HDO-H2O-DX,10,10,True,7325.36,1365.120622058165,1.45,0.000286,1.2e-05,0.002579,5e-05,0.002353
HDO-H2O-DX,10,11,False,7508.04,1331.9055306045252,0.0,0.0,0.0,-0.0,-8.9e-05,2e-06
HDO-H2O-DX,11,11,True,7446.12,1342.9813110720752,0.01,3e-06,0.0,-0.000274,-4e-06,-0.000175
HDO-H2O-HX,0,0,True,174.16,57418.4657785944,1.9,0.000375,0.000673,-0.025141,0.003686,-0.005199
HDO-H2O-HX,0,1,False,217.39,46000.27600165601,0.01,2e-06,3e-06,0.001211,-0.000297,0.001384
HDO-H2O-HX,0,2,False,210.41,47526.258257687376,0.03,5e-06,8e-06,-0.000681,-0.002549,-0.000802
HDO-H2O-HX,0,3,False,227.06,44041.22258433894,0.15,2.9e-05,4e-05,0.000581,0.00612,0.001343
HDO-H2O-HX,0,4,False,383.51,26074.939375765953,0.96,0.00019,0.000155,-0.001086,-0.012109,-0.002639
HDO-H2O-HX,0,5,False,539.35,18540.836191712246,0.31,6.2e-05,3.6e-05,0.001736,-0.001441,0.005537
HDO-H2O-HX,0,6,False,1530.6,6533.385600418137,0.14,2.7e-05,6e-06,0.000226,0.002279,0.00052
HDO-H2O-HX,0,7,False,1688.77,5921.469471864138,0.23,4.5e-05,8e-06,0.000244,0.002812,0.000618
HDO-H2O-HX,0,8,False,2833.2,3529.5778624876466,0.29,5.7e-05,6e-06,-0.000221,-0.002428,-0.000532
HDO-H2O-HX,0,9,False,3727.05,2683.087160086395,0.13,2.6e-05,2e-06,0.000152,0.001439,0.000321
HDO-H2O-HX,0,10,False,3778.41,2646.615904573617,0.31,6.2e-05,5e-06,0.000211,0.002195,0.000497
HDO-H2O-HX,0,11,False,3867.31,2585.7766768115307,0.43,8.6e-05,7e-06,-0.002355,0.000446,-0.001096
HDO-H2O-HX,1,1,True,235.36,42488.1033310673,1.06,0.00021,0.000279,0.014732,0.000428,-0.007846
HDO-H2O-HX,1,2,False,223.63,44716.71958145151,0.43,8.5e-05,0.000118,-0.001681,-0.010418,-0.002584
HDO-H2O-HX,1,3,False,252.31,39633.78383734295,0.05,1e-05,1.2e-05,-0.000674,-0.00332,-0.000762
HDO-H2O-HX,1,4,False,379.31,26363.6603306003,0.24,4.8e-05,3.9e-05,-0.000993,-0.005955,-0.001637
HDO-H2O-HX,1,5,False,594.17,16830.20011107932,0.39,7.8e-05,4.1e-05,-0.001392,-0.000959,0.006166
HDO-H2O-HX,1,6,False,1544.96,6472.659486329743,0.06,1.2e-05,2e-06,0.000149,0.00152,0.000309
HDO-H2O-HX,1,7,False,1716.83,5824.688524781138,0.0,0.0,0.0,0.000172,-0.00014,7.2e-05
HDO-H2O-HX,1,8,False,2869.18,3485.316362166194,0.0,0.0,0.0,5.1e-05,0.0002,4.2e-05
HDO-H2O-HX,1,9,False,3770.48,2652.1822155269356,0.31,6.1e-05,5e-06,0.000161,0.002194,0.000458
HDO-H2O-HX,1,10,False,3806.29,2627.2301900275597,0.1,2.1e-05,2e-06,0.000169,0.001256,0.000282
HDO-H2O-HX,1,11,False,3894.99,2567.400686522944,0.8,0.000159,1.3e-05,-0.002937,0.000689,-0.001898
HDO-H2O-HX,2,2,True,203.25,49200.49200492005,1.59,0.000315,0.000484,0.0211,-0.000708,-0.006204
HDO-H2O-HX,2,3,False,237.99,42018.57220891634,1.28,0.000253,0.000332,0.0179,-0.00106,-0.003289
HDO-H2O-HX,2,4,False,346.46,28863.360849737346,6.29,0.001244,0.001121,0.030162,-0.005913,0.013259
HDO-H2O-HX,2,5,False,573.05,17450.484250937963,1.87,0.000371,0.000202,-0.001426,-0.013814,-0.003028
HDO-H2O-HX,2,6,False,1530.41,6534.1967185264075,0.1,2.1e-05,4e-06,9.4e-05,-0.00044,0.002005
HDO-H2O-HX,2,7,False,1705.98,5861.733431810455,0.24,4.7e-05,9e-06,0.002869,-0.000335,0.000428
HDO-H2O-HX,2,8,False,2857.1,3500.052500787512,0.14,2.9e-05,3e-06,0.000516,-0.000404,0.001638
HDO-H2O-HX,2,9,False,3755.53,2662.740012727897,0.69,0.000136,1.1e-05,0.002993,-0.00057,0.001407
HDO-H2O-HX,2,10,False,3795.02,2635.0322264441293,0.29,5.8e-05,5e-06,0.00042,-0.000477,0.002085
HDO-H2O-HX,2,11,False,3886.59,2572.9495521781305,0.08,1.5e-05,1e-06,-1.2e-05,-0.001086,-0.000202
HDO-H2O-HX,3,3,True,257.31,38863.62753099374,0.35,6.8e-05,8.3e-05,-0.007722,0.001748,-0.004513
HDO-H2O-HX,3,4,False,356.43,28055.999775552,0.46,9.1e-05,8e-05,0.005711,0.000954,-0.006793
HDO-H2O-HX,3,5,False,591.72,16899.88508078145,2.99,0.000592,0.000312,0.00167,0.017167,0.00383
HDO-H2O-HX,3,6,False,1557.43,6420.834323211958,0.05,1.1e-05,2e-06,-0.001078,-0.000118,0.000998
HDO-H2O-HX,3,7,False,1723.52,5802.079465280356,0.14,2.9e-05,5e-06,-0.00145,0.000513,-0.001673
HDO-H2O-HX,3,8,False,2879.0,3473.428273706148,0.01,1e-06,0.0,0.000218,-7.5e-05,0.000246
HDO-H2O-HX,3,9,False,3775.86,2648.4032776638965,0.17,3.4e-05,3e-06,0.001357,-0.000337,0.000936
HDO-H2O-HX,3,10,False,3818.57,2618.7813762743644,0.58,0.000115,9e-06,0.002079,-0.000675,0.002155
HDO-H2O-HX,3,11,False,3907.23,2559.3579082879687,0.04,9e-06,1e-06,-7.8e-05,-0.000814,-0.000181
HDO-H2O-HX,4,4,True,441.91,22629.04211264737,2.85,0.000565,0.000399,0.018446,-0.003385,0.006866
HDO-H2O-HX,4,5,False,697.31,14340.824023748406,0.06,1.3e-05,6e-06,-0.000227,-0.002318,-0.000512
HDO-H2O-HX,4,6,False,1664.39,6008.207211050294,0.29,5.8e-05,1.1e-05,-0.001896,0.000757,-0.002576
HDO-H2O-HX,4,7,False,1844.94,5420.230468199507,0.41,8.1e-05,1.4e-05,-0.003665,0.000251,0.00046
HDO-H2O-HX,4,8,False,2994.56,3339.388758281684,0.5,0.0001,1e-05,0.002821,-0.000595,0.001449
HDO-H2O-HX,4,9,False,3912.19,2556.1130722178627,1.18,0.000234,1.9e-05,0.004295,-0.000359,-0.000246
HDO-H2O-HX,4,10,False,3938.21,2539.224673138304,0.88,0.000174,1.4e-05,0.003403,-0.000628,0.001356
HDO-H2O-HX,4,11,False,4028.57,2482.270383783824,0.06,1.2e-05,1e-06,-9.2e-05,-0.000943,-0.00021
HDO-H2O-HX,5,5,True,874.68,11432.752549503819,1.3,0.000258,9.2e-05,0.008694,-0.001662,0.003699
HDO-H2O-HX,5,6,False,1910.98,5232.917141989974,0.06,1.1e-05,2e-06,0.000127,0.001317,0.000292
HDO-H2O-HX,5,7,False,2075.48,4818.162545531636,0.0,0.0,0.0,2.6e-05,0.000248,5.7e-05
HDO-H2O-HX,5,8,False,3226.62,3099.218377125289,0.07,1.4e-05,1e-06,0.000108,0.00112,0.00025
HDO-H2O-HX,5,9,False,4164.95,2400.989207553512,0.02,3e-06,0.0,-4e-05,-0.000461,-0.000102
HDO-H2O-HX,5,10,False,4167.09,2399.756184771627,0.07,1.3e-05,1e-06,-9.3e-05,-0.000956,-0.000214
HDO-H2O-HX,5,11,False,4255.07,2350.1376005565126,0.04,8e-06,1e-06,-0.000127,-0.00015,0.000736
HDO-H2O-HX,6,6,True,2823.0,3542.3308537017356,0.08,1.6e-05,2e-06,0.001221,1e-06,-0.000537
HDO-H2O-HX,6,7,False,3016.12,3315.5179502141827,0.0,1e-06,0.0,0.000298,-3.9e-05,4.6e-05
HDO-H2O-HX,6,8,False,4162.43,2402.4428038429473,0.75,0.000148,1.1e-05,-0.002708,-0.000168,0.001932
HDO-H2O-HX,6,9,False,5045.17,1982.0937649276436,4.23,0.000837,5.2e-05,0.007129,-0.000501,-0.000839
HDO-H2O-HX,6,10,False,5110.88,1956.6102119400182,0.02,5e-06,0.0,0.000383,4.7e-05,-0.000375
HDO-H2O-HX,6,11,False,5198.87,1923.4949133177017,0.01,1e-06,0.0,2.6e-05,0.000261,5.8e-05
HDO-H2O-HX,7,7,True,3146.07,3178.5688176041854,0.05,1e-05,1e-06,0.00082,5.2e-05,-0.000594
HDO-H2O-HX,7,8,False,4337.01,2305.735979395943,0.0,0.0,0.0,-6e-05,-6e-06,5.1e-05
HDO-H2O-HX,7,9,False,5220.02,1915.7014724081516,0.01,3e-06,0.0,0.000207,-9e-05,0.000315
HDO-H2O-HX,7,10,False,5261.95,1900.4361500964471,0.03,6e-06,0.0,-0.000493,-2.6e-05,0.000334
HDO-H2O-HX,7,11,False,5343.86,1871.3065087782988,3.79,0.000749,4.4e-05,-0.000622,-0.006428,-0.001427
HDO-H2O-HX,8,8,True,5410.66,1848.203361512274,0.75,0.000148,9e-06,-0.002372,-0.000148,0.001694
HDO-H2O-HX,8,9,False,6368.71,1570.1766919831489,0.1,2.1e-05,1e-06,0.000245,-0.000235,0.000946
HDO-H2O-HX,8,10,False,6430.44,1555.1035387936129,0.0,0.0,0.0,2e-05,-1e-05,3.5e-05
HDO-H2O-HX,8,11,False,6518.25,1534.1541057799257,0.0,0.0,0.0,-0.0,-2e-06,-0.0
HDO-H2O-HX,9,9,True,7075.59,1413.3097027951026,0.11,2.2e-05,1e-06,0.000778,6e-05,-0.000608
HDO-H2O-HX,9,10,False,7307.92,1368.3784168409068,0.09,1.8e-05,1e-06,0.000808,-7e-06,-0.000322
HDO-H2O-HX,9,11,False,7398.15,1351.689273669769,0.0,1e-06,0.0,1.8e-05,0.000181,4e-05
HDO-H2O-HX,10,10,True,7292.04,1371.3583578806479,0.51,0.000101,4e-06,0.001674,0.00011,-0.001229
HDO-H2O-HX,10,11,False,7304.93,1368.9385113888839,2.55,0.000504,2.2e-05,0.000436,0.004512,0.001002
HDO-H2O-HX,11,11,True,7455.45,1341.300659249274,0.01,2e-06,0.0,0.00029,4e-06,-0.000139
HDO-HDO-DD,0,0,True,193.72,51620.89613875697,0.19,3.8e-05,6.1e-05,-0.006055,-0.00421,-0.002635
HDO-HDO-DD,0,1,False,191.06,52339.57918978331,1.2,0.000238,0.000389,0.006749,0.013876,-0.012292
HDO-HDO-DD,0,2,False,208.47,47968.53264258646,0.61,0.00012,0.000179,-0.012228,5.3e-05,-0.00546
HDO-HDO-DD,0,3,False,235.1,42535.09145044662,0.47,9.4e-05,0.000125,0.010429,0.002439,0.003133
HDO-HDO-DD,0,4,False,351.24,28470.561439471585,0.63,0.000125,0.000111,-0.007034,-0.00161,-0.007705
HDO-HDO-DD,0,5,False,493.36,20269.17463920869,0.61,0.000121,7.7e-05,-0.00032,-0.001734,0.008577
HDO-HDO-DD,0,6,False,1488.05,6720.2042942105445,0.27,5.3e-05,1.1e-05,0.002269,-0.002179,-0.001147
HDO-HDO-DD,0,7,False,1498.4,6673.785371062466,0.42,8.3e-05,1.7e-05,0.001959,-0.001175,0.00346
HDO-HDO-DD,0,8,False,2771.85,3607.69882930173,0.2,4e-05,5e-06,-0.001754,0.001145,0.000384
HDO-HDO-DD,0,9,False,2846.94,3512.543292096075,0.98,0.000193,2.1e-05,-0.000194,-0.003469,-0.003018
HDO-HDO-DD,0,10,False,3823.6,2615.336332252328,0.09,1.8e-05,1e-06,0.000399,0.00053,0.000999
HDO-HDO-DD,0,11,False,3828.57,2611.9412731124153,0.52,0.000104,8e-06,0.000183,0.002052,0.002055
HDO-HDO-DD,1,1,True,211.2,47348.48484848485,1.76,0.000349,0.000516,0.011211,0.015139,-0.012695
HDO-HDO-DD,1,2,False,221.28,45191.61243673174,0.06,1.3e-05,1.8e-05,-0.002077,-0.002878,-0.002272
HDO-HDO-DD,1,3,False,244.32,40929.92796332679,0.18,3.5e-05,4.5e-05,-0.001197,-0.004044,-0.005183
HDO-HDO-DD,1,4,False,350.26,28550.219836692744,0.24,4.7e-05,4.2e-05,0.000791,-0.004389,0.004695
HDO-HDO-DD,1,5,False,514.92,19420.492503689897,0.3,6e-05,3.6e-05,0.003196,-0.002506,0.004429
HDO-HDO-DD,1,6,False,1504.14,6648.317310888614,0.66,0.000131,2.7e-05,0.000213,-0.003008,-0.004245
HDO-HDO-DD,1,7,False,1506.83,6636.448703569746,0.06,1.2e-05,3e-06,0.000379,0.001542,-6.5e-05
HDO-HDO-DD,1,8,False,2774.18,3604.6687669870016,0.07,1.4e-05,2e-06,-3.4e-05,0.00071,0.001035
HDO-HDO-DD,1,9,False,2841.93,3518.73550720813,0.03,6e-06,1e-06,0.000139,-0.000305,-0.000741
HDO-HDO-DD,1,10,False,3828.95,2611.682053826767,0.03,6e-06,0.0,0.000574,-0.000326,-0.000205
HDO-HDO-DD,1,11,False,3820.18,2617.677701050736,1.01,0.0002,1.6e-05,0.001117,-0.002925,-0.002558
HDO-HDO-DD,2,2,True,210.3,47551.1174512601,1.18,0.000234,0.000347,-0.017727,-0.003961,0.00415
HDO-HDO-DD,2,3,False,248.62,40222.02558120827,1.6,0.000317,0.000398,0.019807,-0.000359,-0.002331
HDO-HDO-DD,2,4,False,341.85,29252.596167909902,2.42,0.000478,0.000436,-0.016916,0.012123,-0.001794
HDO-HDO-DD,2,5,False,526.85,18980.734554427254,1.17,0.000232,0.000138,0.006343,0.007507,0.006398
HDO-HDO-DD,2,6,False,1502.55,6655.352567302253,0.05,1e-05,2e-06,0.000776,0.000937,0.000708
HDO-HDO-DD,2,7,False,1517.66,6589.0911007735585,0.09,1.7e-05,4e-06,0.001299,-0.000953,0.000995
HDO-HDO-DD,2,8,False,2788.68,3585.9259578008237,0.39,7.8e-05,9e-06,-0.002199,0.000741,-0.001818
HDO-HDO-DD,2,9,False,2854.3,3503.485968538696,0.2,3.9e-05,4e-06,0.001394,-0.000964,0.001184
HDO-HDO-DD,2,10,False,3837.32,2605.9854273294904,0.51,0.000102,8e-06,0.002266,-0.000742,-0.001605
HDO-HDO-DD,2,11,False,3845.27,2600.597617332463,0.09,1.9e-05,2e-06,0.001071,0.000306,-0.000523
HDO-HDO-DD,3,3,True,271.18,36875.8758020503,0.35,7e-05,8e-05,0.008856,-0.000141,0.001308
HDO-HDO-DD,3,4,False,362.77,27565.675221214544,0.49,9.7e-05,8.4e-05,0.006558,0.00454,-0.004483
HDO-HDO-DD,3,5,False,531.61,18810.782340437538,1.04,0.000205,0.00012,-0.00065,0.004011,0.010188
HDO-HDO-DD,3,6,False,1531.41,6529.929933851809,0.1,2e-05,4e-06,0.000589,-0.00164,0.001048
HDO-HDO-DD,3,7,False,1541.08,6488.9557972331095,0.11,2.2e-05,5e-06,-0.000785,0.001363,-0.001439
HDO-HDO-DD,3,8,False,2814.0,3553.6602700781805,0.48,9.5e-05,1.1e-05,0.003116,-0.00044,0.000809
HDO-HDO-DD,3,9,False,2881.28,3470.679697912039,0.13,2.6e-05,3e-06,-0.000895,0.001318,-0.000572
HDO-HDO-DD,3,10,False,3866.17,2586.5391330438133,0.22,4.4e-05,4e-06,0.000744,-0.000784,0.001532
HDO-HDO-DD,3,11,False,3871.42,2583.031549147341,0.06,1.2e-05,1e-06,-0.00099,8.4e-05,8.3e-05
HDO-HDO-DD,4,4,True,444.44,22500.225002250023,1.69,0.000334,0.000235,-0.012723,0.005381,-0.006618
HDO-HDO-DD,4,5,False,665.62,15023.587031639674,0.05,9e-06,4e-06,0.00147,0.000901,0.001118
HDO-HDO-DD,4,6,False,1636.61,6110.191187882269,0.08,1.6e-05,3e-06,-0.001178,-0.000675,0.001126
HDO-HDO-DD,4,7,False,1648.35,6066.6727333394,0.36,7.1e-05,1.3e-05,0.003631,0.000407,0.000335
HDO-HDO-DD,4,8,False,2934.43,3407.816850291198,0.29,5.8e-05,6e-06,-0.002202,0.00064,-0.000943
HDO-HDO-DD,4,9,False,2989.7,3344.8172057397064,0.21,4.2e-05,4e-06,0.001795,-0.000917,0.000564
HDO-HDO-DD,4,10,False,3975.75,2515.248695214739,0.46,9.1e-05,7e-06,-0.002287,0.000177,-0.001371
HDO-HDO-DD,4,11,False,3976.17,2514.983011289759,0.48,9.4e-05,7e-06,-0.002607,0.000422,-0.000659
HDO-HDO-DD,5,5,True,771.81,12956.556665500577,0.68,0.000134,5.4e-05,-0.00669,0.001699,-0.002578
HDO-HDO-DD,5,6,False,1808.4,5529.750055297501,0.07,1.3e-05,2e-06,-0.000285,0.001128,0.000947
HDO-HDO-DD,5,7,False,1811.13,5521.41480733023,0.08,1.5e-05,3e-06,-0.001482,-0.000219,-0.000628
HDO-HDO-DD,5,8,False,3103.46,3222.210049428702,0.03,5e-06,1e-06,0.000444,-0.000311,0.000494
HDO-HDO-DD,5,9,False,3149.16,3175.4499612595105,0.02,5e-06,0.0,-0.000405,-0.000466,-0.000307
HDO-HDO-DD,5,10,False,4135.57,2418.046363620976,0.09,1.7e-05,1e-06,0.00025,-0.000259,0.001083
HDO-HDO-DD,5,11,False,4140.21,2415.3364201332784,0.09,1.8e-05,1e-06,0.000212,-0.000669,-0.000917
HDO-HDO-DD,6,6,True,2755.4,3629.2371343543587,3.52,0.000697,7.9e-05,0.008822,0.001067,-3.4e-05
HDO-HDO-DD,6,7,False,2786.42,3588.8344183576055,0.02,4e-06,0.0,-0.000359,-0.000327,0.000414
HDO-HDO-DD,6,8,False,4039.2,2475.737769855417,1.65,0.000327,2.5e-05,0.005002,0.000403,0.000308
HDO-HDO-DD,6,9,False,4127.68,2422.66842390883,0.04,7e-06,1e-06,-0.000238,-0.0006,-0.000335
HDO-HDO-DD,6,10,False,5113.65,1955.550340754647,0.05,1e-05,1e-06,0.000171,-0.000308,-0.000688
HDO-HDO-DD,6,11,False,5103.13,1959.5816685054074,1.12,0.000222,1.4e-05,-0.003334,-0.001362,0.000771
HDO-HDO-DD,7,7,True,2779.15,3598.2224780958204,2.7,0.000533,6e-05,0.001211,0.006093,0.004615
HDO-HDO-DD,7,8,False,4062.97,2461.2537134165404,0.05,1.1e-05,1e-06,-0.000854,3.6e-05,-0.000301
HDO-HDO-DD,7,9,False,4119.11,2427.7088982814253,0.72,0.000143,1.1e-05,-0.000254,-0.00247,-0.002165
HDO-HDO-DD,7,10,False,5103.65,1959.382010913758,1.41,0.00028,1.7e-05,0.0006,-0.002554,-0.003197
HDO-HDO-DD,7,11,False,5130.49,1949.1315644314677,0.04,7e-06,0.0,0.000548,0.000334,-0.000175
HDO-HDO-DD,8,8,True,5231.17,1911.6182421905617,0.11,2.2e-05,1e-06,-0.001102,-0.00031,0.000132
HDO-HDO-DD,8,9,False,5401.33,1851.3958599085781,0.03,6e-06,0.0,0.000549,0.000205,2.8e-05
HDO-HDO-DD,8,10,False,6387.37,1565.589593212856,0.04,7e-06,0.0,-0.000513,6.9e-05,0.000308
HDO-HDO-DD,8,11,False,6387.17,1565.63861616334,0.21,4.1e-05,2e-06,0.000308,0.001073,-0.000872
HDO-HDO-DD,9,9,True,5396.62,1853.0116999158734,0.68,0.000134,8e-06,-0.000586,-0.002145,-0.001668
HDO-HDO-DD,9,10,False,6454.79,1549.23707820084,0.16,3.2e-05,2e-06,0.00095,0.000295,-0.000748
HDO-HDO-DD,9,11,False,6470.55,1545.463677739914,0.0,0.0,0.0,-1.5e-05,-6.4e-05,5e-06
HDO-HDO-DD,10,10,True,7294.22,1370.9485044322764,1.43,0.000282,1.2e-05,-0.001236,0.001594,0.002828
HDO-HDO-DD,10,11,False,7456.33,1341.1423582379,0.0,1e-06,0.0,9.3e-05,-4e-05,-0.000104
HDO-HDO-DD,11,11,True,7307.52,1368.4533193203713,1.44,0.000285,1.2e-05,0.002894,0.001659,-0.001031
HDO-HDO-DH,0,0,True,187.11,53444.49788894233,0.22,4.4e-05,7.3e-05,0.0078,0.002213,0.002696
HDO-HDO-DH,0,1,False,200.65,49838.026414153996,1.25,0.000247,0.000385,-0.006077,-0.017681,0.005927
HDO-HDO-DH,0,2,False,202.85,49297.51047572098,0.68,0.000134,0.000206,0.013745,-0.003269,0.002471
HDO-HDO-DH,0,3,False,238.5,41928.72117400419,0.51,0.0001,0.000131,-0.0113,-0.000536,-0.001679
HDO-HDO-DH,0,4,False,350.45,28534.741047224998,0.65,0.000128,0.000114,0.008487,-0.002315,0.006049
HDO-HDO-DH,0,5,False,487.4,20517.02913418137,0.61,0.00012,7.7e-05,-0.001017,0.005148,-0.007012
HDO-HDO-DH,0,6,False,1486.09,6729.067553109166,0.27,5.3e-05,1.1e-05,-0.001772,0.001508,0.002389
HDO-HDO-DH,0,7,False,1495.27,6687.755388658905,0.42,8.3e-05,1.7e-05,0.002432,-0.002588,0.002171
HDO-HDO-DH,0,8,False,2767.37,3613.539208707184,0.21,4.1e-05,5e-06,-0.001551,0.000922,0.001163
HDO-HDO-DH,0,9,False,2828.81,3535.055376642475,0.96,0.00019,2.1e-05,0.001124,0.001837,0.004037
HDO-HDO-DH,0,10,False,3825.64,2613.941719555421,0.09,1.7e-05,1e-06,-0.0006,-6e-05,-0.001031
HDO-HDO-DH,0,11,False,3825.27,2614.1945535870673,0.52,0.000103,8e-06,0.000781,0.000984,0.002609
HDO-HDO-DH,1,1,True,241.42,41421.58893215144,2.03,0.000402,0.00052,-0.009588,-0.020098,0.004912
HDO-HDO-DH,1,2,False,233.09,42901.88339268094,0.08,1.6e-05,2.1e-05,0.00179,0.001649,0.003924
HDO-HDO-DH,1,3,False,263.44,37959.30762222897,0.17,3.5e-05,4.1e-05,0.002787,0.001372,0.005599
HDO-HDO-DH,1,4,False,364.51,27434.089599736635,0.27,5.4e-05,4.6e-05,-0.001298,0.006265,-0.002233
HDO-HDO-DH,1,5,False,522.98,19121.190102872002,0.3,6e-05,3.6e-05,-0.00354,0.004327,-0.002115
HDO-HDO-DH,1,6,False,1517.09,6591.566749500689,0.65,0.000128,2.6e-05,0.000897,0.000918,0.004969
HDO-HDO-DH,1,7,False,1517.79,6588.526739535772,0.06,1.2e-05,2e-06,0.000384,0.001435,0.000451
HDO-HDO-DH,1,8,False,2785.56,3589.942417323626,0.07,1.5e-05,2e-06,0.000241,0.000199,0.001249
HDO-HDO-DH,1,9,False,2849.47,3509.4245596549536,0.03,6e-06,1e-06,3.1e-05,-5e-05,0.000812
HDO-HDO-DH,1,10,False,3848.03,2598.732338365345,0.03,7e-06,1e-06,-0.000554,0.000268,0.000404
HDO-HDO-DH,1,11,False,3837.85,2605.6255455528485,1.05,0.000208,1.7e-05,0.000503,-0.001652,-0.003736
HDO-HDO-DH,2,2,True,208.91,47867.502752381406,1.12,0.000222,0.000331,0.01645,0.005141,-0.005851
HDO-HDO-DH,2,3,False,264.2,37850.113550340655,1.67,0.00033,0.00039,-0.018728,-0.000254,0.006268
HDO-HDO-DH,2,4,False,345.93,28907.582458878962,2.33,0.000461,0.000416,0.015163,-0.011854,-0.006727
HDO-HDO-DH,2,5,False,524.04,19082.51278528357,1.16,0.000231,0.000137,-0.008128,-0.003943,-0.007461
HDO-HDO-DH,2,6,False,1506.12,6639.577191724431,0.04,8e-06,2e-06,-0.000892,-0.000582,-0.000767
HDO-HDO-DH,2,7,False,1514.64,6602.228912480853,0.09,1.8e-05,4e-06,0.001396,-0.001342,0.000145
HDO-HDO-DH,2,8,False,2790.93,3583.035045665782,0.39,7.8e-05,9e-06,-0.002386,0.001484,-0.000884
HDO-HDO-DH,2,9,False,2849.54,3509.338349347614,0.19,3.8e-05,4e-06,-0.001446,0.00138,-0.000391
HDO-HDO-DH,2,10,False,3850.26,2597.2272002410227,0.5,9.9e-05,8e-06,-0.001846,1.3e-05,0.002146
HDO-HDO-DH,2,11,False,3848.06,2598.7120782939974,0.09,1.7e-05,1e-06,0.000977,0.000476,-0.000477
HDO-HDO-DH,3,3,True,284.65,35130.86246267346,0.37,7.3e-05,8e-05,-0.00887,0.001002,0.000665
HDO-HDO-DH,3,4,False,373.8,26752.273943285178,0.5,9.9e-05,8.3e-05,-0.006078,-0.005821,0.003465
HDO-HDO-DH,3,5,False,535.92,18659.50141812211,1.05,0.000208,0.000121,-0.001606,0.000679,-0.010853
HDO-HDO-DH,3,6,False,1540.14,6492.916228394821,0.11,2.1e-05,4e-06,-0.000595,0.00196,-0.000143
HDO-HDO-DH,3,7,False,1546.98,6464.20768206441,0.11,2.2e-05,5e-06,-0.000881,0.001857,-0.000554
HDO-HDO-DH,3,8,False,2820.93,3544.930218048658,0.48,9.5e-05,1.1e-05,0.003138,-0.000813,-0.0001
HDO-HDO-DH,3,9,False,2882.02,3469.788551085697,0.13,2.6e-05,3e-06,0.000837,-0.001454,-0.00021
HDO-HDO-DH,3,10,False,3880.25,2577.1535339217835,0.22,4.4e-05,4e-06,-0.000914,0.001374,-0.000896
HDO-HDO-DH,3,11,False,3880.15,2577.2199528368747,0.06,1.2e-05,1e-06,-0.000937,6.9e-05,0.000306
HDO-HDO-DH,4,4,True,451.05,22170.49107637734,1.72,0.00034,0.000235,0.013086,-0.007946,0.00101
HDO-HDO-DH,4,5,False,665.59,15024.264186661458,0.05,9e-06,4e-06,-0.001735,-0.000315,-0.001051
HDO-HDO-DH,4,6,False,1642.18,6089.466440950444,0.08,1.7e-05,3e-06,0.001023,0.001076,-0.000968
HDO-HDO-DH,4,7,False,1650.24,6059.72464611208,0.36,7.1e-05,1.3e-05,0.003652,0.000141,-0.000279
HDO-HDO-DH,4,8,False,2937.21,3404.591432005202,0.29,5.8e-05,6e-06,-0.002257,0.001029,-0.000125
HDO-HDO-DH,4,9,False,2986.44,3348.4684105490146,0.21,4.2e-05,4e-06,-0.001758,0.00111,0.000243
HDO-HDO-DH,4,10,False,3986.28,2508.6045134812407,0.46,9.1e-05,7e-06,0.002461,-0.000793,0.000679
HDO-HDO-DH,4,11,False,3980.93,2511.9758448402763,0.47,9.4e-05,7e-06,-0.002611,0.000728,0.000121
HDO-HDO-DH,5,5,True,766.97,13038.319621367198,0.67,0.000133,5.4e-05,0.006809,-0.002782,0.0002
HDO-HDO-DH,5,6,False,1807.82,5531.5241561659905,0.07,1.3e-05,2e-06,-1e-05,-0.000627,-0.001364
HDO-HDO-DH,5,7,False,1808.01,5530.942859829315,0.08,1.5e-05,3e-06,-0.001585,0.000108,-0.000341
HDO-HDO-DH,5,8,False,3100.84,3224.932598908683,0.03,5e-06,1e-06,0.000493,-0.000504,0.00022
HDO-HDO-DH,5,9,False,3142.12,3182.5646378877955,0.02,5e-06,0.0,0.000502,0.000282,0.000379
HDO-HDO-DH,5,10,False,4139.46,2415.7740381595668,0.09,1.7e-05,1e-06,-0.000411,0.000698,-0.000809
HDO-HDO-DH,5,11,False,4139.82,2415.5639617181423,0.09,1.8e-05,1e-06,-2.7e-05,-0.000222,-0.001133
HDO-HDO-DH,6,6,True,2759.01,3624.488494061275,3.53,0.000699,7.9e-05,-0.008744,-0.000772,0.001412
HDO-HDO-DH,6,7,False,2787.43,3587.5340367291737,0.02,4e-06,0.0,-0.000311,-0.00046,0.000306
HDO-HDO-DH,6,8,False,4041.02,2474.6227437627135,1.65,0.000327,2.5e-05,0.004992,0.000118,-0.00059
HDO-HDO-DH,6,9,False,4124.34,2424.63036510084,0.04,7e-06,1e-06,0.000356,0.000395,0.000492
HDO-HDO-DH,6,10,False,5121.3,1952.6292152383182,0.05,1e-05,1e-06,-1.2e-05,-8e-06,0.000768
HDO-HDO-DH,6,11,False,5106.94,1958.1197351055623,1.12,0.000222,1.4e-05,-0.003276,-0.001483,0.00081
HDO-HDO-DH,7,7,True,2777.66,3600.1526464722106,2.7,0.000535,6e-05,-0.002662,-0.00355,-0.006359
HDO-HDO-DH,7,8,False,4062.34,2461.635412102384,0.05,1.1e-05,1e-06,0.00088,-0.00018,7.8e-05
HDO-HDO-DH,7,9,False,4113.5,2431.0198128114744,0.72,0.000143,1.1e-05,-0.000898,-0.001317,-0.002884
HDO-HDO-DH,7,10,False,5109.06,1957.3072150258558,1.41,0.00028,1.7e-05,-0.000254,-0.000978,-0.004008
HDO-HDO-DH,7,11,False,5131.62,1948.702359099076,0.04,7e-06,0.0,-0.000539,-0.000362,0.00013
HDO-HDO-DH,8,8,True,5231.38,1911.5415053007046,0.11,2.2e-05,1e-06,0.001089,0.000311,-0.000217
HDO-HDO-DH,8,9,False,5396.34,1853.1078471704895,0.03,6e-06,0.0,0.000565,0.000161,-4e-06
HDO-HDO-DH,8,10,False,6393.38,1564.1178844367141,0.04,7e-06,0.0,-0.000441,-5.6e-05,0.000408
HDO-HDO-DH,8,11,False,6389.07,1565.1730220517227,0.21,4.1e-05,2e-06,-0.000263,-0.001334,0.000398
HDO-HDO-DH,9,9,True,5386.49,1856.4965311362316,0.67,0.000133,8e-06,0.0011,0.001225,0.00224
HDO-HDO-DH,9,10,False,6455.7,1549.0186966556687,0.16,3.2e-05,2e-06,-0.000828,-0.000561,0.000739
HDO-HDO-DH,9,11,False,6467.35,1546.2283624668526,0.0,0.0,0.0,-2.1e-05,-6e-05,-1.9e-05
HDO-HDO-DH,10,10,True,7306.14,1368.7117958319989,1.43,0.000282,1.2e-05,0.000537,-0.000278,-0.00342
HDO-HDO-DH,10,11,False,7464.15,1339.7372775198785,0.0,1e-06,0.0,6.9e-05,5e-06,-0.000128
HDO-HDO-DH,11,11,True,7311.25,1367.7551718242435,1.44,0.000286,1.2e-05,-0.002828,-0.001872,0.00083
HDO-HDO-HD,0,0,True,146.2,68399.45280437756,3.04,0.000602,0.001285,-0.035624,-0.001293,-0.003795
HDO-HDO-HD,0,1,False,158.82,62964.36217101121,0.26,5.2e-05,0.000102,0.004826,-0.007516,-0.004687
HDO-HDO-HD,0,2,False,191.63,52183.89604967907,0.96,0.00019,0.000309,0.016511,0.000749,0.005991
HDO-HDO-HD,0,3,False,214.72,46572.28017883756,0.1,2e-05,2.9e-05,-0.003773,-0.003469,0.001681
HDO-HDO-HD,0,4,False,325.4,30731.40749846343,1.2,0.000238,0.000228,-0.003636,0.014474,-0.00239
HDO-HDO-HD,0,5,False,496.73,20131.661063354335,0.89,0.000177,0.000111,-0.001962,0.003324,-0.009801
HDO-HDO-HD,0,6,False,1478.51,6763.5660225497295,0.3,6e-05,1.3e-05,0.002375,-0.00213,0.001575
HDO-HDO-HD,0,7,False,1514.19,6604.191019621051,0.15,3e-05,6e-06,0.000603,0.002414,7.7e-05
HDO-HDO-HD,0,8,False,2820.43,3545.558655949625,0.75,0.000148,1.6e-05,0.001111,0.003847,-0.000627
HDO-HDO-HD,0,9,False,2817.39,3549.3843592828825,0.14,2.9e-05,3e-06,0.000962,-0.000832,0.001242
HDO-HDO-HD,0,10,False,3712.14,2693.8639167703805,0.33,6.5e-05,6e-06,0.001279,0.001833,-0.000713
HDO-HDO-HD,0,11,False,3803.19,2629.3716590546355,0.08,1.5e-05,1e-06,0.001052,0.000267,0.000289
HDO-HDO-HD,1,1,True,154.65,64662.14031684449,0.92,0.000181,0.000366,0.018897,-0.002897,-0.000408
HDO-HDO-HD,1,2,False,190.34,52537.56435851634,0.23,4.6e-05,7.6e-05,0.008281,6.1e-05,0.0027
HDO-HDO-HD,1,3,False,217.13,46055.35854096624,0.43,8.5e-05,0.000122,-0.011018,0.000556,-0.000756
HDO-HDO-HD,1,4,False,299.14,33429.16360232667,0.21,4.1e-05,4.3e-05,-0.003165,0.000504,-0.005708
HDO-HDO-HD,1,5,False,524.43,19068.321796998647,0.38,7.5e-05,4.5e-05,0.001317,0.005118,-0.004121
HDO-HDO-HD,1,6,False,1481.46,6750.097876419208,0.26,5.2e-05,1.1e-05,0.00094,0.00092,0.003047
HDO-HDO-HD,1,7,False,1506.92,6636.052345180899,0.04,9e-06,2e-06,-0.000824,-0.000945,0.000501
HDO-HDO-HD,1,8,False,2813.57,3554.2033786257316,0.1,2e-05,2e-06,-0.001158,-0.000673,0.000667
HDO-HDO-HD,1,9,False,2823.35,3541.891724369986,0.04,8e-06,1e-06,-0.000233,-0.000519,0.000728
HDO-HDO-HD,1,10,False,3723.44,2685.688503104656,0.42,8.4e-05,7e-06,0.002298,0.001306,0.000107
HDO-HDO-HD,1,11,False,3804.96,2628.1485219292713,0.11,2.2e-05,2e-06,-0.000104,-0.001254,0.000492
HDO-HDO-HD,2,2,True,196.83,50805.263425290854,1.31,0.00026,0.000412,0.018968,-0.000472,-0.007208
HDO-HDO-HD,2,3,False,247.99,40324.20662123473,1.01,0.000199,0.00025,-0.015674,-0.001098,0.001856
HDO-HDO-HD,2,4,False,349.75,28591.851322373124,2.85,0.000563,0.000502,-0.019356,-0.009286,-0.006438
HDO-HDO-HD,2,5,False,543.74,18391.142825615185,1.12,0.000222,0.000127,-0.003395,0.010576,-0.001988
HDO-HDO-HD,2,6,False,1514.68,6602.054559378878,0.12,2.4e-05,5e-06,0.00203,-8.5e-05,0.0009
HDO-HDO-HD,2,7,False,1534.5,6516.780710329097,0.11,2.1e-05,4e-06,1e-05,-0.000631,0.001965
HDO-HDO-HD,2,8,False,2848.43,3510.7058976348376,0.15,3e-05,3e-06,0.001244,0.00015,0.001293
HDO-HDO-HD,2,9,False,2855.53,3501.9768659408232,0.06,1.2e-05,1e-06,-0.000314,0.00015,0.001077
HDO-HDO-HD,2,10,False,3756.88,2661.7831817891442,0.75,0.000148,1.2e-05,0.002908,-0.000396,0.001914
HDO-HDO-HD,2,11,False,3833.03,2608.9020957310536,0.83,0.000165,1.3e-05,0.003156,0.001697,-0.00078
HDO-HDO-HD,3,3,True,267.24,37419.5479718605,0.5,9.9e-05,0.000116,-0.00887,-0.002311,-0.005636
HDO-HDO-HD,3,4,False,345.08,28978.78752752985,0.31,6.1e-05,5.5e-05,0.003631,-0.002189,-0.006075
HDO-HDO-HD,3,5,False,566.01,17667.53237575308,2.73,0.00054,0.000297,0.000377,0.014758,-0.008917
HDO-HDO-HD,3,6,False,1537.46,6504.234256500982,0.07,1.4e-05,3e-06,-0.000976,-0.000277,-0.001319
HDO-HDO-HD,3,7,False,1563.21,6397.093160867702,0.04,7e-06,1e-06,0.001085,-0.000153,-0.000523
HDO-HDO-HD,3,8,False,2874.6,3478.7448688513186,0.09,1.7e-05,2e-06,-0.000484,-0.000877,-0.000909
HDO-HDO-HD,3,9,False,2881.54,3470.366540113967,0.0,1e-06,0.0,-0.000219,-2.9e-05,-0.000216
HDO-HDO-HD,3,10,False,3779.19,2646.0696604298805,0.19,3.7e-05,3e-06,-0.001426,-0.0002,-0.000977
HDO-HDO-HD,3,11,False,3862.97,2588.6817655845116,0.23,4.5e-05,4e-06,0.001097,6.8e-05,0.001564
HDO-HDO-HD,4,4,True,396.81,25200.977797938558,1.52,0.0003,0.000236,0.013608,0.004317,0.00569
HDO-HDO-HD,4,5,False,589.3,16969.285593076533,0.04,9e-06,5e-06,0.00069,-0.001972,0.000388
HDO-HDO-HD,4,6,False,1624.95,6154.035508784886,0.28,5.5e-05,1.1e-05,-0.003205,0.000226,-0.000525
HDO-HDO-HD,4,7,False,1636.47,6110.7139147066555,0.31,6.2e-05,1.2e-05,0.002412,0.000986,0.002226
HDO-HDO-HD,4,8,False,2961.5,3376.6672294445384,0.18,3.6e-05,4e-06,-0.001612,-0.000612,-0.000888
HDO-HDO-HD,4,9,False,2964.31,3373.4663378661476,0.42,8.4e-05,9e-06,-0.002536,-0.00051,-0.001462
HDO-HDO-HD,4,10,False,3882.8,2575.461007520346,1.21,0.000239,1.9e-05,-0.004357,0.000494,-0.000121
HDO-HDO-HD,4,11,False,3950.86,2531.094495881909,0.47,9.4e-05,7e-06,0.002341,-0.000498,0.001288
HDO-HDO-HD,5,5,True,814.14,12282.899746972265,1.12,0.000223,8.5e-05,0.008214,0.000947,0.004116
HDO-HDO-HD,5,6,False,1851.12,5402.134923721856,0.03,7e-06,1e-06,-0.001048,0.000153,-0.000172
HDO-HDO-HD,5,7,False,1880.67,5317.253957366258,0.06,1.2e-05,2e-06,-1.7e-05,-0.001302,0.000508
HDO-HDO-HD,5,8,False,3186.24,3138.4955307823643,0.03,7e-06,1e-06,-0.000463,0.000674,-7.8e-05
HDO-HDO-HD,5,9,False,3192.94,3131.9097759431747,0.07,1.4e-05,1e-06,-0.000144,-0.001066,0.000452
HDO-HDO-HD,5,10,False,4131.86,2420.2175291515205,0.04,8e-06,1e-06,-0.000355,0.00033,-0.000587
HDO-HDO-HD,5,11,False,4175.33,2395.0202738466182,0.08,1.7e-05,1e-06,-9.8e-05,-0.000504,0.000992
HDO-HDO-HD,6,6,True,2776.2,3602.0459621064765,3.0,0.000594,6.7e-05,-0.001649,0.007854,-0.001541
HDO-HDO-HD,6,7,False,2824.12,3540.9260229735282,0.01,1e-06,0.0,-0.00033,5.2e-05,0.000148
HDO-HDO-HD,6,8,False,4113.88,2430.795258976927,0.75,0.000149,1.1e-05,0.000407,-0.003224,0.000865
HDO-HDO-HD,6,9,False,4142.13,2414.2168401281465,0.01,1e-06,0.0,-0.000244,7e-05,0.000165
HDO-HDO-HD,6,10,False,5026.08,1989.6221309648872,0.06,1.2e-05,1e-06,0.000788,-0.000268,-0.000176
HDO-HDO-HD,6,11,False,5101.46,1960.2231518036012,1.45,0.000288,1.8e-05,-0.000501,-0.00384,0.001617
HDO-HDO-HD,7,7,True,2824.33,3540.662741251908,0.07,1.5e-05,2e-06,0.001195,-0.000151,-0.000434
HDO-HDO-HD,7,8,False,4162.04,2402.6679224611007,0.01,1e-06,0.0,-9.9e-05,0.000173,-0.000242
HDO-HDO-HD,7,9,False,4160.7,2403.4417285552913,0.75,0.000149,1.1e-05,-0.002741,0.000959,0.001646
HDO-HDO-HD,7,10,False,5044.62,1982.3098667491308,4.1,0.000812,5e-05,0.007051,-0.000675,-0.000243
HDO-HDO-HD,7,11,False,5150.82,1941.4384505768014,0.01,2e-06,0.0,-1.9e-05,0.000323,2e-05
HDO-HDO-HD,8,8,True,5388.46,1855.81780323135,0.66,0.000131,8e-06,0.000578,-0.002635,0.000534
HDO-HDO-HD,8,9,False,5478.82,1825.2105380355624,0.0,0.0,0.0,0.000125,-9e-05,-5.8e-05
HDO-HDO-HD,8,10,False,6361.65,1571.9192347897165,0.05,1e-05,1e-06,0.000576,-0.000418,-2.5e-05
HDO-HDO-HD,8,11,False,6449.92,1550.4068267513396,0.15,3e-05,1e-06,-0.000892,-6.1e-05,0.000799
HDO-HDO-HD,9,9,True,5406.1,1849.7623055437375,0.74,0.000147,9e-06,-0.002397,0.000829,0.001441
HDO-HDO-HD,9,10,False,6365.13,1571.0598212448135,0.11,2.1e-05,1e-06,0.000245,0.000374,0.00091
HDO-HDO-HD,9,11,False,6467.63,1546.1614223448157,0.0,0.0,0.0,-4.5e-05,4e-06,1e-05
HDO-HDO-HD,10,10,True,7071.1,1414.2071247754945,0.13,2.6e-05,1e-06,0.00087,-0.00033,-0.000538
HDO-HDO-HD,10,11,False,7348.83,1360.7608285944837,0.06,1.2e-05,1e-06,-0.000639,-0.0001,0.000324
HDO-HDO-HD,11,11,True,7292.55,1371.2624527771493,1.45,0.000287,1.2e-05,0.001206,0.002717,-0.001851
HDO-HDO-HH,0,0,True,125.01,79993.60051195904,2.66,0.000527,0.001315,0.035315,0.007322,-0.00375
HDO-HDO-HH,0,1,False,164.16,60916.17933723197,0.27,5.4e-05,0.000102,-0.006033,0.007719,0.002529
HDO-HDO-HH,0,2,False,177.84,56230.31938821412,0.94,0.000186,0.000327,-0.017196,-0.005029,-0.002494
HDO-HDO-HH,0,3,False,209.93,47634.92592769018,0.1,2e-05,3e-05,0.003197,0.002732,-0.0035
HDO-HDO-HH,0,4,False,318.18,31428.751021434407,1.19,0.000236,0.000231,0.006088,-0.011542,0.0078
HDO-HDO-HH,0,5,False,487.22,20524.609006198432,0.88,0.000173,0.000111,0.003352,0.001396,0.009892
HDO-HDO-HH,0,6,False,1472.7,6790.249202145718,0.31,6.1e-05,1.3e-05,0.002859,-0.001026,0.001942
HDO-HDO-HH,0,7,False,1507.27,6634.511401407844,0.15,3e-05,6e-06,0.000282,0.002284,-0.000981
HDO-HDO-HH,0,8,False,2804.1,3566.2066260119113,0.75,0.000149,1.7e-05,0.000467,0.003309,-0.002323
HDO-HDO-HH,0,9,False,2810.4,3558.2123541132933,0.14,2.8e-05,3e-06,-0.001217,0.00011,-0.001291
HDO-HDO-HH,0,10,False,3704.68,2699.288467559951,0.34,6.6e-05,6e-06,-0.000958,-0.001471,0.001585
HDO-HDO-HH,0,11,False,3802.78,2629.6551470240192,0.07,1.5e-05,1e-06,0.001001,0.000441,1.1e-05
HDO-HDO-HH,1,1,True,191.05,52342.318764721276,1.15,0.000228,0.000373,-0.019218,0.001433,0.001317
HDO-HDO-HH,1,2,False,194.25,51480.05148005148,0.18,3.5e-05,5.7e-05,-0.007319,-0.001559,-0.000881
HDO-HDO-HH,1,3,False,233.33,42857.75511078729,0.45,8.9e-05,0.00012,0.010877,0.000806,-0.000756
HDO-HDO-HH,1,4,False,311.8,32071.840923669017,0.22,4.3e-05,4.3e-05,0.003754,0.002229,0.004873
HDO-HDO-HH,1,5,False,536.68,18633.07743906984,0.38,7.5e-05,4.3e-05,-0.000186,-0.002962,0.005885
HDO-HDO-HH,1,6,False,1497.62,6677.261254523845,0.27,5.4e-05,1.1e-05,0.001027,0.002247,0.002263
HDO-HDO-HH,1,7,False,1521.18,6573.84398953444,0.05,1e-05,2e-06,-0.000632,-0.000746,0.001028
HDO-HDO-HH,1,8,False,2827.05,3537.2561504041314,0.11,2.1e-05,2e-06,-0.000969,-0.000452,0.001079
HDO-HDO-HH,1,9,False,2840.63,3520.345838775201,0.04,8e-06,1e-06,5.9e-05,0.000167,-0.00092
HDO-HDO-HH,1,10,False,3735.79,2676.8099919963383,0.43,8.4e-05,7e-06,-0.002107,-0.001418,0.000769
HDO-HDO-HH,1,11,False,3823.62,2615.3226523556214,0.1,2e-05,2e-06,0.000123,-0.000907,0.000912
HDO-HDO-HH,2,2,True,175.29,57048.319926978154,1.21,0.000239,0.000426,-0.018596,0.001749,0.008778
HDO-HDO-HH,2,3,False,242.61,41218.416388442354,0.99,0.000195,0.000251,0.015123,0.001652,-0.004428
HDO-HDO-HH,2,4,False,341.44,29287.72258669166,2.81,0.000556,0.000508,0.018436,0.012936,-0.00084
HDO-HDO-HH,2,5,False,534.23,18718.529472324655,1.11,0.00022,0.000128,0.005093,-0.008391,0.005664
HDO-HDO-HH,2,6,False,1505.73,6641.296912461065,0.12,2.5e-05,5e-06,0.002132,0.000499,0.000549
HDO-HDO-HH,2,7,False,1527.86,6545.102299948949,0.11,2.1e-05,4e-06,0.000293,0.000274,0.002039
HDO-HDO-HH,2,8,False,2838.57,3522.9006154507374,0.15,2.9e-05,3e-06,0.001325,0.000792,0.000919
HDO-HDO-HH,2,9,False,2850.1,3508.6488193396726,0.06,1.2e-05,1e-06,0.000226,-0.00056,-0.000956
HDO-HDO-HH,2,10,False,3749.37,2667.114741943313,0.74,0.000147,1.2e-05,-0.0031,-0.000717,-0.001459
HDO-HDO-HH,2,11,False,3835.0,2607.5619295958277,0.84,0.000165,1.3e-05,0.002787,0.001484,-0.001869
HDO-HDO-HH,3,3,True,271.35,36852.77317118113,0.51,0.000101,0.000116,0.008984,0.005281,0.002761
HDO-HDO-HH,3,4,False,346.25,28880.86642599278,0.31,6.1e-05,5.5e-05,-0.003303,0.004236,0.005107
HDO-HDO-HH,3,5,False,565.85,17672.528055138286,2.73,0.00054,0.000298,0.002631,-0.009503,0.014155
HDO-HDO-HH,3,6,False,1540.33,6492.11532593665,0.07,1.4e-05,3e-06,-0.001044,-0.000906,-0.000932
HDO-HDO-HH,3,7,False,1566.13,6385.165982389712,0.04,7e-06,1e-06,0.00104,-0.000267,-0.000576
HDO-HDO-HH,3,8,False,2874.11,3479.337951574574,0.08,1.7e-05,2e-06,-0.000439,-0.001216,-0.000387
HDO-HDO-HH,3,9,False,2885.45,3465.663934568265,0.0,1e-06,0.0,0.000233,0.000135,0.000152
HDO-HDO-HH,3,10,False,3780.84,2644.914886638948,0.19,3.7e-05,3e-06,0.001469,0.000724,0.000586
HDO-HDO-HH,3,11,False,3870.43,2583.6922512485694,0.23,4.5e-05,4e-06,0.00122,0.000823,0.001221
HDO-HDO-HH,4,4,True,395.23,25301.72304733952,1.52,0.0003,0.000237,-0.01335,-0.007543,-0.001353
HDO-HDO-HH,4,5,False,577.13,17327.118673435794,0.04,8e-06,5e-06,-0.001003,0.001557,-0.001066
HDO-HDO-HH,4,6,False,1624.02,6157.559635965074,0.28,5.5e-05,1.1e-05,-0.003239,-0.000312,-9.3e-05
HDO-HDO-HH,4,7,False,1636.08,6112.170554007139,0.31,6.2e-05,1.2e-05,0.002447,0.002062,0.001248
HDO-HDO-HH,4,8,False,2957.11,3381.6800863004755,0.18,3.6e-05,4e-06,-0.001586,-0.001074,-0.000309
HDO-HDO-HH,4,9,False,2965.22,3372.4310506471697,0.42,8.4e-05,9e-06,0.002565,0.001313,0.000733
HDO-HDO-HH,4,10,False,3880.97,2576.6754187741726,1.21,0.000239,1.9e-05,0.004374,-2e-06,-0.000331
HDO-HDO-HH,4,11,False,3955.36,2528.2148780389143,0.47,9.4e-05,7e-06,0.002503,0.00031,0.001017
HDO-HDO-HH,5,5,True,810.55,12337.301832089322,1.12,0.000222,8.5e-05,-0.008353,-0.003358,-0.002085
HDO-HDO-HH,5,6,False,1849.55,5406.720553648185,0.03,7e-06,1e-06,-0.001076,-3.1e-05,-6.4e-05
HDO-HDO-HH,5,7,False,1879.32,5321.073579805462,0.06,1.2e-05,2e-06,0.000216,-0.00096,0.000991
HDO-HDO-HH,5,8,False,3181.67,3143.0035170209353,0.03,7e-06,1e-06,-0.000561,0.000531,-0.000278
HDO-HDO-HH,5,9,False,3192.12,3132.714308985878,0.07,1.4e-05,1e-06,-5.4e-05,0.000779,-0.000866
HDO-HDO-HH,5,10,False,4129.11,2421.8294014933003,0.04,8e-06,1e-06,0.000461,-1.2e-05,0.000615
HDO-HDO-HH,5,11,False,4177.76,2393.6272069242846,0.08,1.7e-05,1e-06,7.4e-05,-4e-05,0.001113
HDO-HDO-HH,6,6,True,2777.91,3599.8286481563478,3.01,0.000596,6.7e-05,0.00291,-0.006278,0.004371
HDO-HDO-HH,6,7,False,2825.59,3539.0838727487003,0.01,1e-06,0.0,0.000318,-8e-05,-0.00016
HDO-HDO-HH,6,8,False,4112.38,2431.681897100949,0.75,0.000149,1.1e-05,-0.000949,0.002498,-0.002041
HDO-HDO-HH,6,9,False,4144.33,2412.935263359819,0.01,1e-06,0.0,-0.000234,0.000111,0.000156
HDO-HDO-HH,6,10,False,5026.51,1989.4519258889368,0.06,1.2e-05,1e-06,0.000797,-0.000245,-0.000165
HDO-HDO-HH,6,11,False,5107.5,1957.9050416054822,1.46,0.000289,1.8e-05,-0.000216,0.002816,-0.003107
HDO-HDO-HH,7,7,True,2825.55,3539.1339739165824,0.08,1.5e-05,2e-06,-0.001158,0.000214,0.000507
HDO-HDO-HH,7,8,False,4160.39,2403.6208143948043,0.01,1e-06,0.0,0.000145,-4.3e-05,0.000274
HDO-HDO-HH,7,9,False,4163.01,2402.1080900598363,0.75,0.000149,1.1e-05,-0.00268,0.001319,0.001491
HDO-HDO-HH,7,10,False,5044.92,1982.191987187111,4.11,0.000812,5e-05,0.00702,-7.7e-05,-0.000984
HDO-HDO-HH,7,11,False,5156.29,1939.3788945152426,0.01,2e-06,0.0,6.3e-05,-0.000297,0.000112
HDO-HDO-HH,8,8,True,5383.96,1857.3689254749293,0.66,0.00013,8e-06,-0.001001,0.002094,-0.001476
HDO-HDO-HH,8,9,False,5477.97,1825.4937504221452,0.0,0.0,0.0,0.00013,-9.4e-05,-3.3e-05
HDO-HDO-HH,8,10,False,6359.02,1572.569358171542,0.05,1e-05,1e-06,0.000626,-0.000335,6.3e-05
HDO-HDO-HH,8,11,False,6452.29,1549.8373445706873,0.15,3e-05,1e-06,0.000793,-0.000204,-0.000876
HDO-HDO-HH,9,9,True,5409.18,1848.7090464728478,0.75,0.000147,9e-06,0.002341,-0.001145,-0.00131
HDO-HDO-HH,9,10,False,6366.34,1570.7612223035528,0.11,2.1e-05,1e-06,-0.000276,-0.000747,-0.000628
HDO-HDO-HH,9,11,False,6473.87,1544.6711163492625,0.0,0.0,0.0,-4.4e-05,3e-06,1.4e-05
HDO-HDO-HH,10,10,True,7070.43,1414.341136253382,0.13,2.6e-05,1e-06,-0.000852,0.000448,0.000477
HDO-HDO-HH,10,11,False,7353.21,1359.9502802177553,0.06,1.2e-05,1e-06,-0.000583,-1e-05,0.000427
HDO-HDO-HH,11,11,True,7302.07,1369.474683206269,1.45,0.000287,1.2e-05,-0.000617,-0.001768,0.002958
HDO,0,0,True,2766.53,3614.636385652785,4.34,0.000859,9.7e-05,0.009689,-0.00175,0.0
HDO,0,1,False,4105.32,2435.8637085537794,0.81,0.00016,1.2e-05,0.003456,-0.000476,-0.0
HDO,0,2,False,5107.68,1957.8360429784168,1.48,0.000293,1.8e-05,0.00386,-0.00174,-0.0
HDO,1,1,True,5391.34,1854.8264438896451,0.65,0.000128,7e-06,-0.002713,0.000222,-0.0
HDO,1,2,False,6460.76,1547.8055213318557,0.14,2.7e-05,1e-06,-7.4e-05,0.001146,0.0
HDO,2,2,True,7312.73,1367.4783562363168,1.39,0.000275,1.2e-05,0.002839,-0.001922,-0.0
